trial_id,epoch,train_loss,val_loss,train_mae,val_mae,learning_rate,elapsed_sec,lstm1_units,lstm2_units,dropout,batch_size,width_floor_pts,width_floor_weight,width_norm,width_floor_pct,mae_pts_GE1,mae_pts_GE2,mae_pts_VP,mae_pts_VA,mae_pts_CG,mae_pts_MB,mae_pts_MA,mae_pts_MP,cov_10_90_GE1,cov_10_90_GE2,cov_10_90_VP,cov_10_90_VA,cov_10_90_CG,cov_10_90_MB,cov_10_90_MA,cov_10_90_MP,width_10_90_GE1,width_10_90_GE2,width_10_90_VP,width_10_90_VA,width_10_90_CG,width_10_90_MB,width_10_90_MA,width_10_90_MP
default,0,30.946533,37.034203,4.445004,4.729773,0.000500,4.17,64,32,0.3,32,0.5,0.05,3.765,0.329,34.2343,2.2880,17.2769,6.3570,4.8259,13.3172,12.7937,7.8717,0.190,0.650,0.060,0.050,0.790,0.350,0.010,0.000,30.716,11.190,14.535,0.341,11.568,23.315,0.419,0.356
default,0,12.360701,2.183502,2.020995,0.737983,0.000160,99.04,64,32,0.3,32,0.5,0.05,2.113,0.051,2.6948,3.8190,2.3344,0.2681,1.6043,3.5176,1.3976,1.6666,0.814,0.809,0.738,0.717,0.705,0.712,0.622,0.874,7.536,13.310,6.556,0.641,2.970,8.307,3.068,7.060
default,1,2.334238,1.422009,0.731090,0.521696,0.000320,196.81,64,32,0.3,32,0.5,0.05,1.309,0.078,2.4683,1.3416,2.0923,0.1855,1.2931,2.5631,1.3389,1.2342,0.780,0.717,0.717,0.833,0.777,0.702,0.465,0.634,6.710,3.623,5.960,0.544,2.739,6.074,2.943,2.867
default,2,1.789660,1.186652,0.551539,0.409225,0.000480,286.75,64,32,0.3,32,0.5,0.05,1.106,0.108,2.3462,0.7869,1.7985,0.1240,0.9979,2.0463,0.9581,0.9874,0.777,0.748,0.748,0.692,0.809,0.775,0.833,0.794,6.735,1.920,5.538,0.376,2.104,5.530,2.590,2.537
default,3,1.607081,1.122139,0.466444,0.367683,0.000640,384.67,64,32,0.3,32,0.5,0.05,0.873,0.109,2.0289,0.7504,1.7180,0.1088,0.9026,1.7799,0.8677,0.8573,0.697,0.731,0.654,0.673,0.581,0.705,0.843,0.751,5.258,1.579,4.323,0.322,1.420,4.131,2.303,2.090
default,4,1.555282,1.430202,0.441789,0.346916,0.000800,493.53,64,32,0.3,32,0.5,0.05,0.904,0.107,1.9059,1.0177,1.5539,0.0745,0.6940,1.6063,0.7497,0.9464,0.746,0.344,0.743,0.886,0.753,0.794,0.877,0.804,5.045,1.588,4.317,0.345,1.472,4.231,2.229,2.763
default,5,1.470919,1.164895,0.411377,0.342822,0.000800,612.05,64,32,0.3,32,0.5,0.05,0.929,0.109,1.8852,1.0314,1.4871,0.0589,0.7683,1.5044,0.7834,0.9387,0.833,0.550,0.758,0.961,0.603,0.838,0.869,0.719,5.922,1.958,4.245,0.321,1.189,4.942,2.177,2.265
default,6,1.406092,1.056729,0.396637,0.351764,0.000800,728.25,64,32,0.3,32,0.5,0.05,0.905,0.114,1.7477,0.8995,1.6072,0.0643,0.8180,1.5912,1.0180,0.8842,0.816,0.828,0.659,0.956,0.567,0.734,0.564,0.787,5.146,2.252,3.945,0.301,1.559,4.245,2.007,2.625
default,7,1.382464,1.061103,0.380860,0.334095,0.000800,834.25,64,32,0.3,32,0.5,0.05,0.718,0.115,1.9987,0.6369,1.5617,0.1099,0.6816,1.8141,0.6904,0.7639,0.627,0.726,0.663,0.751,0.651,0.530,0.828,0.748,4.504,1.278,3.412,0.307,1.306,3.379,1.707,1.654
default,8,1.342528,1.067876,0.365313,0.320758,0.000800,936.64,64,32,0.3,32,0.5,0.05,0.827,0.118,1.8114,0.7344,1.6104,0.0911,0.7429,1.3591,0.7468,0.7740,0.847,0.627,0.637,0.891,0.661,0.760,0.697,0.770,5.421,1.385,4.749,0.294,1.603,3.356,1.607,2.069
default,9,1.316106,1.047077,0.358171,0.302986,0.000800,1039.28,64,32,0.3,32,0.5,0.05,0.827,0.113,1.6837,0.6537,1.4623,0.0941,0.6059,1.4807,0.7298,0.7250,0.770,0.678,0.695,0.814,0.847,0.794,0.811,0.806,4.378,1.395,3.602,0.308,1.531,4.072,2.901,1.848
default,10,1.296804,1.078238,0.354704,0.326508,0.000800,1171.29,64,32,0.3,32,0.5,0.05,0.825,0.122,1.6199,0.8125,1.5102,0.0447,0.8894,1.3352,0.9228,0.8838,0.818,0.775,0.806,0.942,0.412,0.855,0.395,0.646,4.763,1.978,4.393,0.279,1.481,4.271,1.422,1.784
default,11,1.283766,0.994381,0.350844,0.292530,0.000800,1281.77,64,32,0.3,32,0.5,0.05,0.742,0.113,1.5975,0.6336,1.3150,0.0974,0.7539,1.3400,0.6296,0.7450,0.809,0.811,0.847,0.937,0.690,0.722,0.831,0.734,4.564,1.511,4.218,0.340,1.256,2.913,1.554,1.711
default,12,1.275563,1.060057,0.337966,0.299401,0.000800,1406.63,64,32,0.3,32,0.5,0.05,0.773,0.121,1.6488,0.7425,1.4397,0.0981,0.5935,1.4347,0.6564,0.7097,0.799,0.598,0.794,0.755,0.835,0.785,0.775,0.797,4.478,1.435,3.997,0.290,1.433,4.058,1.672,1.665
default,13,1.213506,1.004949,0.329144,0.292337,0.000800,1530.90,64,32,0.3,32,0.5,0.05,0.733,0.124,1.5460,0.6134,1.5694,0.0473,0.6553,1.5729,0.6300,0.6795,0.886,0.818,0.661,0.913,0.760,0.634,0.683,0.801,5.621,1.362,3.669,0.217,1.290,3.625,1.128,1.657
v6-fb-final-v2,0,19.781945,2.427902,2.477469,0.813733,0.000160,121.72,64,32,0.2,32,0.5,0.05,2.534,0.002,2.9932,1.5486,2.7040,0.5727,1.8929,2.5498,3.9255,1.9427,0.743,0.622,0.646,0.930,0.676,0.738,0.857,0.838,9.223,3.756,6.611,3.257,5.103,6.961,10.693,6.605
default,14,1.215062,1.071566,0.326493,0.300978,0.000799,1655.05,64,32,0.3,32,0.5,0.05,0.755,0.125,1.5595,0.6344,1.8099,0.0613,0.6077,1.3286,0.6138,0.8505,0.782,0.789,0.557,0.857,0.821,0.821,0.886,0.753,4.316,1.377,4.149,0.191,1.337,3.689,1.925,1.797
v6-fb-final-v2,1,2.582658,1.522430,0.767077,0.508305,0.000320,246.76,64,32,0.2,32,0.5,0.05,1.322,0.038,2.3992,0.9279,1.5983,0.4334,1.2485,1.8627,1.2543,1.6188,0.763,0.680,0.707,0.668,0.743,0.881,0.603,0.760,7.122,2.183,4.163,0.952,3.281,6.912,2.479,3.557
default,15,1.210493,1.072955,0.326206,0.312927,0.000799,1770.67,64,32,0.3,32,0.5,0.05,0.778,0.123,1.5355,0.6440,1.6416,0.0482,1.2014,1.3323,0.6169,0.6869,0.787,0.571,0.637,0.843,0.407,0.833,0.801,0.823,4.220,1.190,4.092,0.185,2.287,3.965,1.509,1.825
v6-fb-final-v2,2,1.889320,1.252407,0.550284,0.398754,0.000480,361.02,64,32,0.2,32,0.5,0.05,1.031,0.058,2.0823,0.7996,1.4040,0.2229,0.9629,1.7030,0.8982,1.2635,0.729,0.809,0.666,0.801,0.688,0.804,0.770,0.726,5.677,2.111,3.866,0.646,2.090,5.216,2.268,2.412
default,16,1.199922,0.990388,0.318865,0.279528,0.000799,1892.53,64,32,0.3,32,0.5,0.05,0.741,0.123,1.5998,0.6021,1.4410,0.0380,0.6092,1.2687,0.7718,0.6633,0.806,0.755,0.801,0.944,0.814,0.831,0.719,0.799,4.589,1.244,4.095,0.215,1.379,3.911,1.538,1.559
v6-fb-final-v2,3,1.679191,1.234952,0.468889,0.382783,0.000640,484.16,64,32,0.2,32,0.5,0.05,0.954,0.083,2.4771,0.8098,1.4114,0.1871,0.8474,1.6266,0.8045,1.0410,0.646,0.765,0.705,0.838,0.782,0.804,0.777,0.794,5.610,1.907,3.323,0.512,2.198,4.947,1.974,2.315
default,17,1.179675,1.042222,0.320924,0.291244,0.000799,2021.41,64,32,0.3,32,0.5,0.05,0.666,0.125,1.6955,0.6829,1.4785,0.0920,0.6333,1.2984,0.6232,0.6537,0.642,0.584,0.649,0.182,0.753,0.831,0.627,0.801,4.032,1.246,3.369,0.168,1.209,3.933,1.170,1.585
v6-fb-final-v2,4,1.576397,1.186025,0.446727,0.338368,0.000800,612.87,64,32,0.2,32,0.5,0.05,0.907,0.043,1.7626,0.6732,1.4665,0.1284,0.7491,1.4882,0.7775,1.0898,0.777,0.828,0.608,0.961,0.789,0.772,0.787,0.525,5.175,1.828,3.898,0.676,1.654,4.093,1.903,1.930
default,18,1.165641,0.954342,0.319721,0.268464,0.000799,2140.70,64,32,0.3,32,0.5,0.05,0.651,0.125,1.4971,0.5909,1.4123,0.0399,0.6178,1.3062,0.5931,0.6605,0.763,0.804,0.659,0.920,0.736,0.746,0.680,0.857,4.023,1.222,3.448,0.170,1.180,3.275,1.060,1.878
v6-fb-final-v2,5,1.493695,1.210266,0.405326,0.372289,0.000800,732.36,64,32,0.2,32,0.5,0.05,0.945,0.085,1.7830,0.7136,1.3410,0.2453,0.7499,1.4420,1.2960,0.9807,0.881,0.799,0.772,0.508,0.814,0.782,0.259,0.569,7.328,1.682,3.498,0.507,1.975,3.924,1.840,2.258
default,19,1.150228,1.016085,0.313892,0.293822,0.000799,2249.80,64,32,0.3,32,0.5,0.05,0.657,0.121,1.7148,0.6148,1.2531,0.0996,0.6943,1.4136,0.6371,0.7505,0.680,0.678,0.751,0.450,0.765,0.680,0.692,0.591,3.915,1.182,3.477,0.226,1.665,3.037,1.245,1.422
v6-fb-final-v2,6,1.451836,1.136035,0.394171,0.347937,0.000800,845.26,64,32,0.2,32,0.5,0.05,0.839,0.105,1.7390,0.8482,1.6465,0.1026,0.7028,1.9318,0.7158,0.8404,0.770,0.465,0.511,0.903,0.879,0.559,0.729,0.874,5.055,1.601,3.564,0.376,1.976,3.954,1.548,2.236
default,20,1.111568,0.961456,0.313207,0.273239,0.000798,2370.30,64,32,0.3,32,0.5,0.05,0.758,0.125,1.4917,0.6818,1.2476,0.0444,0.6886,1.2875,0.6892,0.6414,0.797,0.787,0.809,0.877,0.838,0.843,0.741,0.838,4.589,1.658,3.914,0.141,1.454,3.864,1.842,1.578
v6-fb-final-v2,7,1.430105,1.083287,0.385962,0.333067,0.000800,961.29,64,32,0.2,32,0.5,0.05,0.811,0.111,1.7976,0.8983,1.4071,0.0695,0.7402,1.5424,0.9341,0.7958,0.702,0.504,0.702,0.719,0.857,0.707,0.627,0.690,4.743,1.442,3.530,0.267,2.229,3.718,2.008,1.867
default,21,1.097088,1.003706,0.308501,0.281553,0.000798,2487.62,64,32,0.3,32,0.5,0.05,0.627,0.124,1.5385,0.6058,1.6542,0.0387,0.6272,1.4077,0.5803,0.6317,0.702,0.712,0.574,0.886,0.787,0.617,0.831,0.789,3.976,1.090,3.245,0.160,1.371,2.811,1.518,1.450
v6-fb-final-v2,8,1.364666,1.118405,0.372026,0.310090,0.000800,1078.38,64,32,0.2,32,0.5,0.05,0.925,0.109,1.8584,0.6652,1.5522,0.1070,0.6810,1.3033,0.6734,0.7538,0.806,0.850,0.678,0.634,0.835,0.843,0.925,0.838,5.986,1.536,4.525,0.304,1.673,4.255,2.434,2.181
default,22,1.079624,0.977081,0.301370,0.266235,0.000798,2593.35,64,32,0.3,32,0.5,0.05,0.689,0.123,1.6483,0.6430,1.2728,0.0309,0.6083,1.2747,0.5962,0.6364,0.736,0.780,0.809,0.939,0.823,0.792,0.864,0.823,4.017,1.396,3.740,0.171,1.435,3.275,1.568,1.528
v6-fb-final-v2,9,1.342427,1.080088,0.368278,0.307881,0.000800,1186.50,64,32,0.2,32,0.5,0.05,0.722,0.117,1.8768,0.6742,1.5069,0.0904,0.7380,1.2978,0.6756,0.7242,0.651,0.671,0.567,0.351,0.818,0.768,0.780,0.818,4.854,1.330,3.105,0.214,1.788,3.369,1.558,1.699
default,23,1.069835,1.009234,0.303537,0.275284,0.000798,2722.61,64,32,0.3,32,0.5,0.05,0.657,0.122,1.5691,0.6129,1.3145,0.0604,0.7261,1.3268,0.5900,0.6218,0.746,0.794,0.755,0.801,0.661,0.748,0.794,0.804,3.789,1.283,3.691,0.183,1.291,3.311,1.318,1.465
v6-fb-final-v2,10,1.315650,1.099205,0.354511,0.311407,0.000800,1313.43,64,32,0.2,32,0.5,0.05,0.896,0.114,1.6988,0.6047,1.3919,0.1614,0.7659,1.3031,0.7265,0.7484,0.826,0.947,0.775,0.131,0.700,0.857,0.777,0.809,6.081,1.914,3.787,0.257,1.743,4.823,1.867,1.925
default,24,1.051074,1.028714,0.294107,0.307753,0.000797,2853.39,64,32,0.3,32,0.5,0.05,0.657,0.123,1.5488,0.5985,2.0697,0.0625,0.5989,1.5594,0.6346,0.6316,0.688,0.811,0.349,0.584,0.826,0.559,0.717,0.789,3.976,1.358,3.461,0.155,1.374,3.456,1.288,1.380
v6-fb-final-v2,11,1.303542,1.038635,0.354648,0.294448,0.000800,1445.17,64,32,0.2,32,0.5,0.05,0.770,0.116,1.6095,0.7406,1.2890,0.1339,0.6451,1.2387,0.6840,0.7036,0.722,0.668,0.765,0.341,0.845,0.845,0.857,0.823,4.087,1.550,3.629,0.275,1.627,3.980,1.852,1.774
default,25,1.046155,1.074772,0.296428,0.261271,0.000797,2984.51,64,32,0.3,32,0.5,0.05,0.734,0.118,1.4453,0.6033,1.2835,0.0424,0.5997,1.2524,0.6135,0.6634,0.801,0.792,0.799,0.855,0.811,0.857,0.646,0.845,4.633,1.263,3.974,0.204,1.353,4.041,1.244,1.727
v6-fb-final-v2,12,1.278103,1.046516,0.349060,0.283052,0.000800,1575.31,64,32,0.2,32,0.5,0.05,0.786,0.109,1.5018,0.6909,1.2939,0.0666,0.6363,1.4031,0.6379,0.7335,0.826,0.719,0.785,0.923,0.794,0.816,0.770,0.719,4.881,1.415,3.803,0.367,1.447,4.384,1.445,1.536
default,26,1.030675,0.998475,0.293783,0.280508,0.000797,3103.92,64,32,0.3,32,0.5,0.05,0.683,0.118,1.5378,0.6124,1.4820,0.0366,0.5811,1.3407,0.6315,0.7970,0.680,0.685,0.726,0.949,0.816,0.724,0.668,0.789,3.653,1.112,4.302,0.200,1.440,3.105,1.287,1.780
v6-fb-final-v2,13,1.227862,1.044579,0.335954,0.292576,0.000800,1692.78,64,32,0.2,32,0.5,0.05,0.721,0.118,1.6153,0.6061,1.4307,0.0659,0.8212,1.3285,0.6357,0.7130,0.765,0.743,0.663,0.661,0.554,0.772,0.804,0.823,4.797,1.239,3.411,0.222,1.326,3.917,1.481,1.630
default,27,1.039404,1.017324,0.297915,0.267044,0.000796,3211.34,64,32,0.3,32,0.5,0.05,0.686,0.113,1.4176,0.5858,1.3277,0.0884,0.5826,1.3047,0.5879,0.6291,0.751,0.799,0.717,0.731,0.845,0.731,0.867,0.792,4.020,1.249,3.542,0.267,1.404,3.336,1.562,1.437
v6-fb-final-v2,14,1.239080,1.026967,0.337411,0.287905,0.000799,1801.20,64,32,0.2,32,0.5,0.05,0.766,0.122,1.7250,0.6468,1.4161,0.0527,0.6754,1.3171,0.6527,0.6981,0.678,0.930,0.688,0.908,0.777,0.792,0.840,0.910,4.027,1.892,3.496,0.194,1.559,3.766,1.779,2.077
default,28,1.008693,0.989708,0.290644,0.267352,0.000796,3324.18,64,32,0.3,32,0.5,0.05,0.693,0.122,1.5879,0.6047,1.3198,0.0301,0.6248,1.3101,0.6373,0.6175,0.661,0.792,0.719,0.942,0.932,0.755,0.705,0.804,4.215,1.282,3.579,0.165,1.870,3.682,1.174,1.389
v6-fb-final-v2,15,1.217556,1.030319,0.334736,0.281188,0.000799,1913.64,64,32,0.2,32,0.5,0.05,0.779,0.117,1.4475,0.6848,1.3037,0.0436,0.7533,1.3613,0.6461,0.7140,0.809,0.726,0.775,0.891,0.724,0.734,0.809,0.923,4.667,1.447,3.879,0.222,1.609,3.452,1.519,2.417
default,29,0.993890,1.069465,0.286046,0.269158,0.000796,3439.30,64,32,0.3,32,0.5,0.05,0.688,0.112,1.5143,0.6339,1.4023,0.0553,0.5852,1.2713,0.5758,0.6539,0.748,0.729,0.731,0.881,0.821,0.758,0.831,0.729,4.147,1.218,3.668,0.261,1.412,3.365,1.453,1.421
v6-fb-final-v2,16,1.194739,1.110876,0.325750,0.302817,0.000799,2029.08,64,32,0.2,32,0.5,0.05,0.694,0.119,1.5205,0.6932,1.3134,0.0462,0.6280,1.7232,0.6178,0.9717,0.717,0.707,0.688,0.889,0.809,0.625,0.755,0.538,3.723,1.281,3.101,0.207,1.467,4.298,1.276,1.786
default,30,0.972709,1.059535,0.282321,0.275374,0.000795,3575.36,64,32,0.3,32,0.5,0.05,0.746,0.110,1.4070,0.5981,1.4819,0.0279,0.5900,1.2722,0.7430,0.7524,0.811,0.697,0.753,0.966,0.835,0.806,0.637,0.751,4.215,1.151,4.312,0.276,1.419,3.773,1.499,1.730
v6-fb-final-v2,17,1.188165,1.026550,0.325912,0.270796,0.000799,2164.80,64,32,0.2,32,0.5,0.05,0.676,0.117,1.3563,0.7557,1.2849,0.0554,0.6453,1.2049,0.6572,0.6778,0.775,0.663,0.729,0.857,0.785,0.840,0.639,0.826,3.693,1.350,3.352,0.215,1.296,3.831,1.304,1.643
default,31,0.957335,1.032774,0.283922,0.260881,0.000795,3706.64,64,32,0.3,32,0.5,0.05,0.762,0.116,1.4005,0.6292,1.3188,0.0258,0.6188,1.3817,0.5647,0.6151,0.818,0.753,0.801,0.886,0.845,0.792,0.896,0.901,4.246,1.304,4.276,0.205,1.425,3.852,1.667,1.935
v6-fb-final-v2,18,1.152547,0.999218,0.312901,0.266162,0.000799,2295.73,64,32,0.2,32,0.5,0.05,0.678,0.118,1.4926,0.6345,1.3656,0.0328,0.6840,1.1618,0.5932,0.6802,0.755,0.671,0.659,0.939,0.685,0.804,0.789,0.847,4.167,1.162,3.517,0.223,1.228,3.377,1.368,1.762
default,32,0.953026,1.120173,0.280218,0.265499,0.000795,3843.97,64,32,0.3,32,0.5,0.05,0.713,0.111,1.3582,0.5951,1.3053,0.0303,0.7268,1.3641,0.6146,0.6259,0.777,0.831,0.741,0.896,0.695,0.809,0.772,0.821,3.826,1.373,3.801,0.235,1.644,3.851,1.306,1.518
v6-fb-final-v2,19,1.148064,0.992491,0.315595,0.258516,0.000799,2432.77,64,32,0.2,32,0.5,0.05,0.735,0.111,1.5325,0.5743,1.2377,0.0420,0.6003,1.2031,0.6198,0.6460,0.753,0.845,0.746,0.920,0.860,0.799,0.845,0.867,4.351,1.458,3.341,0.293,1.643,3.483,1.550,1.784
default,33,0.969390,1.036615,0.281668,0.263928,0.000794,3981.32,64,32,0.3,32,0.5,0.05,0.688,0.115,1.4598,0.5899,1.2263,0.0591,0.5521,1.2130,0.6884,0.7169,0.746,0.782,0.799,0.787,0.828,0.787,0.608,0.753,3.915,1.247,3.875,0.233,1.366,3.354,1.253,1.720
v6-fb-final-v2,20,1.122208,1.013122,0.307592,0.269230,0.000798,2570.11,64,32,0.2,32,0.5,0.05,0.650,0.117,1.4126,0.6353,1.2166,0.0761,0.6374,1.1722,0.6439,0.7557,0.811,0.678,0.731,0.666,0.772,0.753,0.768,0.622,4.119,1.113,3.103,0.219,1.606,3.236,1.313,1.376
default,34,0.956533,1.041718,0.279938,0.279619,0.000794,4098.67,64,32,0.3,32,0.5,0.05,0.747,0.114,1.5177,0.6153,1.6024,0.0322,0.5647,1.4202,0.6716,0.6216,0.765,0.809,0.690,0.935,0.857,0.763,0.734,0.877,4.366,1.331,4.018,0.257,1.435,3.728,1.520,1.782
v6-fb-final-v2,21,1.088681,1.011138,0.303252,0.271662,0.000798,2686.53,64,32,0.2,32,0.5,0.05,0.598,0.120,1.5835,0.7366,1.3539,0.0541,0.6007,1.1739,0.5870,0.6541,0.666,0.554,0.603,0.661,0.763,0.734,0.685,0.758,3.972,1.112,2.891,0.174,1.237,3.089,1.082,1.391
default,35,0.942424,1.072399,0.279050,0.285246,0.000793,4211.20,64,32,0.3,32,0.5,0.05,0.691,0.110,1.4382,0.6191,1.3406,0.0500,0.6590,1.2991,0.9487,0.6649,0.770,0.663,0.738,0.748,0.758,0.792,0.426,0.785,3.662,1.167,3.543,0.293,1.569,3.455,1.448,1.602
v6-fb-final-v2,22,1.090814,1.041174,0.303471,0.266354,0.000798,2799.96,64,32,0.2,32,0.5,0.05,0.620,0.117,1.4614,0.6041,1.3693,0.0393,0.6144,1.1101,0.6954,0.7192,0.760,0.654,0.644,0.843,0.753,0.777,0.547,0.741,3.665,1.060,3.013,0.199,1.300,3.427,1.117,1.572
default,36,0.934012,0.983568,0.275325,0.257025,0.000793,4347.57,64,32,0.3,32,0.5,0.05,0.581,0.123,1.3468,0.5919,1.2250,0.0492,0.5937,1.3368,0.5759,0.6486,0.719,0.673,0.683,0.499,0.751,0.666,0.789,0.705,3.481,0.932,3.071,0.156,1.130,3.105,1.176,1.446
v6-fb-final-v2,23,1.082297,1.084538,0.304500,0.261238,0.000798,2936.20,64,32,0.2,32,0.5,0.05,0.653,0.117,1.3189,0.6031,1.3240,0.0468,0.6421,1.3263,0.5859,0.6243,0.831,0.695,0.692,0.799,0.743,0.680,0.734,0.864,3.945,1.148,3.150,0.202,1.293,3.651,1.100,1.728
default,37,0.908738,1.030814,0.274522,0.279831,0.000792,4482.34,64,32,0.3,32,0.5,0.05,0.632,0.120,1.4037,0.5908,1.3832,0.0579,0.5605,1.3818,0.8775,0.6428,0.692,0.753,0.651,0.586,0.785,0.712,0.421,0.818,3.391,1.150,3.158,0.188,1.221,3.249,1.659,1.523
v6-fb-final-v2,24,1.066562,1.159508,0.295152,0.308758,0.000797,3070.50,64,32,0.2,32,0.5,0.05,0.701,0.109,1.5143,0.5831,2.0050,0.0407,0.6004,1.4156,0.6712,0.8939,0.731,0.772,0.460,0.927,0.823,0.736,0.712,0.671,3.702,1.238,3.231,0.316,1.471,3.845,1.371,1.766
default,38,0.881289,0.987516,0.270644,0.255032,0.000792,4610.40,64,32,0.3,32,0.5,0.05,0.620,0.123,1.3882,0.6404,1.1882,0.0344,0.5919,1.2226,0.6269,0.6537,0.775,0.724,0.726,0.898,0.736,0.726,0.649,0.823,4.143,1.195,3.086,0.144,1.192,3.102,1.161,1.576
v6-fb-final-v2,25,1.078224,1.096544,0.300502,0.317801,0.000797,3198.61,64,32,0.2,32,0.5,0.05,0.859,0.113,1.6024,0.7787,1.4444,0.0417,0.9251,1.1746,0.7432,1.0735,0.806,0.838,0.705,0.847,0.685,0.835,0.814,0.695,4.370,2.238,3.746,0.249,1.909,4.394,1.884,2.150
default,39,0.899251,0.979721,0.270153,0.245920,0.000791,4745.94,64,32,0.3,32,0.5,0.05,0.661,0.120,1.3260,0.5845,1.1720,0.0313,0.5717,1.1971,0.6142,0.6314,0.826,0.765,0.799,0.908,0.792,0.799,0.799,0.816,4.110,1.120,3.539,0.179,1.320,3.376,1.435,1.452
v6-fb-final-v2,26,1.041530,1.120470,0.293082,0.281967,0.000797,3333.54,64,32,0.2,32,0.5,0.05,0.640,0.113,1.5292,0.7431,1.3213,0.1093,0.5992,1.2895,0.6103,0.6259,0.717,0.598,0.690,0.341,0.772,0.714,0.651,0.809,3.995,1.222,3.064,0.277,1.327,3.212,1.130,1.433
default,40,0.847152,1.276808,0.268788,0.265056,0.000791,4881.07,64,32,0.3,32,0.5,0.05,0.805,0.102,1.4475,0.5850,1.2678,0.0358,0.5344,1.4748,0.5695,0.7302,0.777,0.804,0.843,0.920,0.850,0.823,0.801,0.751,4.192,1.365,4.396,0.445,1.533,4.188,1.401,1.802
v6-fb-final-v2,27,1.045354,1.037947,0.290402,0.274868,0.000796,3468.93,64,32,0.2,32,0.5,0.05,0.651,0.115,1.4515,0.6543,1.5887,0.0545,0.5895,1.2479,0.6090,0.6319,0.688,0.530,0.535,0.753,0.850,0.743,0.646,0.763,4.400,0.986,3.176,0.225,1.485,3.620,1.089,1.290
default,41,0.879236,1.113520,0.266908,0.266212,0.000790,4996.24,64,32,0.3,32,0.5,0.05,0.632,0.114,1.2886,0.7646,1.2801,0.0347,0.5720,1.3401,0.6710,0.6449,0.785,0.775,0.678,0.843,0.799,0.692,0.550,0.785,3.529,1.540,3.239,0.192,1.250,3.217,1.115,1.501
v6-fb-final-v2,28,0.997983,1.029741,0.286148,0.257203,0.000796,3583.81,64,32,0.2,32,0.5,0.05,0.661,0.120,1.4328,0.5792,1.2632,0.0629,0.5888,1.1497,0.6177,0.6417,0.806,0.801,0.695,0.446,0.794,0.811,0.717,0.840,4.093,1.248,3.209,0.167,1.330,3.685,1.245,1.562
default,42,0.832313,1.024787,0.265035,0.260014,0.000790,5132.68,64,32,0.3,32,0.5,0.05,0.645,0.116,1.3934,0.6174,1.2748,0.0376,0.5822,1.3313,0.6252,0.6241,0.722,0.644,0.700,0.782,0.758,0.726,0.700,0.826,3.577,1.052,3.626,0.212,1.220,3.472,1.212,1.584
v6-fb-final-v2,29,0.979869,1.055485,0.283698,0.250433,0.000796,3719.53,64,32,0.2,32,0.5,0.05,0.648,0.114,1.3510,0.5699,1.3463,0.0382,0.6147,1.1394,0.5660,0.6120,0.748,0.722,0.702,0.910,0.775,0.777,0.734,0.833,3.466,1.067,3.493,0.265,1.517,3.435,1.099,1.473
default,43,0.806283,1.059876,0.263360,0.281358,0.000789,5268.25,64,32,0.3,32,0.5,0.05,0.638,0.118,1.5767,0.6621,1.3403,0.0849,0.5769,1.4117,0.6231,0.6438,0.697,0.608,0.632,0.308,0.801,0.656,0.692,0.765,3.944,1.095,3.100,0.174,1.418,3.560,1.215,1.436
v6-fb-final-v2,30,0.970272,1.241882,0.281472,0.288170,0.000795,3855.03,64,32,0.2,32,0.5,0.05,0.775,0.115,1.6410,0.6020,1.5706,0.0746,0.6412,1.4416,0.5783,0.6132,0.755,0.751,0.663,0.780,0.787,0.755,0.906,0.923,4.088,1.335,3.594,0.263,1.401,4.196,1.839,2.230
default,44,0.820971,1.035476,0.265653,0.277033,0.000789,5394.80,64,32,0.3,32,0.5,0.05,0.608,0.119,1.4828,0.6069,1.4638,0.0620,0.5738,1.3849,0.5773,0.7172,0.705,0.734,0.622,0.683,0.814,0.663,0.772,0.528,3.508,1.194,3.341,0.187,1.343,2.996,1.223,1.251
v6-fb-final-v2,31,0.968347,1.111876,0.282987,0.259360,0.000795,3982.27,64,32,0.2,32,0.5,0.05,0.778,0.114,1.3136,0.5927,1.3519,0.0468,0.6505,1.1818,0.6051,0.6624,0.816,0.864,0.755,0.775,0.833,0.814,0.906,0.855,4.212,1.526,3.657,0.253,1.593,3.950,1.856,1.982
default,45,0.813033,0.987276,0.263887,0.249620,0.000788,5514.41,64,32,0.3,32,0.5,0.05,0.650,0.118,1.5120,0.6365,1.1286,0.0285,0.5482,1.2001,0.5585,0.6580,0.666,0.697,0.838,0.915,0.835,0.702,0.840,0.760,3.687,1.168,3.842,0.189,1.310,3.198,1.330,1.421
v6-fb-final-v2,32,0.945219,1.299900,0.274138,0.277691,0.000795,4102.52,64,32,0.2,32,0.5,0.05,0.722,0.110,1.5794,0.5708,1.5431,0.0625,0.5877,1.3935,0.5761,0.6186,0.700,0.809,0.683,0.755,0.847,0.731,0.789,0.874,3.602,1.305,3.609,0.324,1.557,4.146,1.240,1.686
default,46,0.763668,1.177573,0.260013,0.263977,0.000787,5616.47,64,32,0.3,32,0.5,0.05,0.653,0.113,1.3561,0.5831,1.3503,0.0395,0.6357,1.3993,0.5788,0.6384,0.760,0.736,0.666,0.792,0.717,0.734,0.843,0.724,3.621,1.154,3.266,0.246,1.284,3.770,1.410,1.313
v6-fb-final-v2,33,0.942070,1.049814,0.274574,0.251297,0.000794,4204.31,64,32,0.2,32,0.5,0.05,0.584,0.116,1.2923,0.5868,1.2853,0.0606,0.5746,1.1773,0.5599,0.6404,0.770,0.760,0.649,0.521,0.768,0.688,0.736,0.826,3.321,1.174,2.840,0.200,1.254,2.987,1.090,1.477
default,47,0.796323,1.352408,0.261295,0.277798,0.000787,5717.61,64,32,0.3,32,0.5,0.05,0.735,0.106,1.4437,0.6036,1.4235,0.0415,0.5907,1.5720,0.5738,0.7042,0.760,0.768,0.731,0.814,0.806,0.724,0.763,0.685,4.066,1.255,3.948,0.358,1.402,4.153,1.217,1.488
v6-fb-final-v2,34,0.938699,1.119740,0.276689,0.265742,0.000794,4305.60,64,32,0.2,32,0.5,0.05,0.702,0.114,1.6226,0.6912,1.3584,0.0538,0.6040,1.0784,0.5676,0.6353,0.753,0.552,0.746,0.792,0.789,0.862,0.818,0.847,3.959,1.258,3.339,0.257,1.480,3.990,1.363,1.612
default,48,0.765354,1.006218,0.257730,0.268105,0.000786,5821.28,64,32,0.3,32,0.5,0.05,0.664,0.118,1.3908,0.5837,1.1643,0.1050,0.6819,1.3263,0.5705,0.6446,0.787,0.765,0.852,0.300,0.734,0.736,0.809,0.799,3.802,1.128,3.789,0.236,1.358,3.333,1.328,1.406
v6-fb-final-v2,35,0.922440,1.258227,0.276540,0.313105,0.000793,4410.52,64,32,0.2,32,0.5,0.05,0.712,0.107,1.6743,0.7007,1.7399,0.0645,0.6463,1.5641,0.7543,0.6503,0.688,0.567,0.603,0.838,0.758,0.637,0.508,0.845,3.876,1.215,3.283,0.331,1.419,4.144,1.260,1.752
default,49,0.785854,1.021180,0.256774,0.256549,0.000785,5923.32,64,32,0.3,32,0.5,0.05,0.728,0.116,1.3084,0.6699,1.3483,0.0257,0.6292,1.2232,0.5722,0.6273,0.823,0.772,0.714,0.867,0.831,0.794,0.881,0.835,4.158,1.443,3.573,0.214,1.660,3.766,1.483,1.687
v6-fb-final-v2,36,0.915058,1.164122,0.269198,0.261939,0.000793,4512.53,64,32,0.2,32,0.5,0.05,0.611,0.115,1.2212,0.6274,1.2515,0.0495,0.7523,1.2771,0.5691,0.6729,0.826,0.673,0.729,0.823,0.586,0.707,0.738,0.753,3.875,1.101,3.110,0.222,1.085,3.256,1.052,1.453
default,50,0.715890,1.199420,0.255512,0.260508,0.000785,6025.44,64,32,0.3,32,0.5,0.05,0.707,0.114,1.3457,0.6281,1.1611,0.0321,0.5840,1.4128,0.6495,0.6756,0.760,0.697,0.775,0.811,0.792,0.772,0.705,0.794,3.581,1.289,3.584,0.252,1.525,3.992,1.356,1.716
v6-fb-final-v2,37,0.918015,1.085412,0.272130,0.271357,0.000792,4615.51,64,32,0.2,32,0.5,0.05,0.669,0.115,1.5875,0.6102,1.4127,0.0648,0.5923,1.2992,0.5805,0.6010,0.743,0.692,0.678,0.823,0.826,0.714,0.838,0.857,4.172,1.205,3.281,0.232,1.428,3.168,1.436,1.572
default,51,0.713984,1.218875,0.252888,0.265075,0.000784,6127.29,64,32,0.3,32,0.5,0.05,0.651,0.113,1.3100,0.5809,1.4163,0.0319,0.5927,1.5040,0.5812,0.6261,0.741,0.741,0.654,0.847,0.794,0.651,0.823,0.755,3.504,1.104,3.476,0.259,1.282,3.562,1.343,1.408
v6-fb-final-v2,38,2.638539,1.093140,0.265750,0.254475,0.000792,4718.31,64,32,0.2,32,0.5,0.05,0.633,0.117,1.3185,0.5773,1.3824,0.0460,0.6079,1.2008,0.5682,0.6127,0.772,0.717,0.680,0.918,0.755,0.777,0.760,0.840,3.648,1.116,3.356,0.211,1.202,3.491,1.124,1.538
default,52,0.692378,1.186428,0.252198,0.265793,0.000783,6228.63,64,32,0.3,32,0.5,0.05,0.616,0.113,1.2926,0.6138,1.3276,0.0596,0.5774,1.2540,0.7177,0.6735,0.719,0.663,0.685,0.283,0.746,0.743,0.552,0.654,3.233,1.084,3.677,0.230,1.194,3.354,1.130,1.258
v6-fb-final-v2,39,0.873019,1.029099,0.263875,0.249138,0.000791,4820.46,64,32,0.2,32,0.5,0.05,0.607,0.116,1.2250,0.5732,1.2319,0.0506,0.5969,1.1021,0.6739,0.6536,0.804,0.700,0.760,0.898,0.751,0.799,0.666,0.768,3.519,1.069,3.096,0.216,1.211,3.150,1.211,1.479
default,53,0.743434,1.118587,0.258474,0.272262,0.000783,6331.17,64,32,0.3,32,0.5,0.05,0.695,0.114,1.4182,0.6689,1.3699,0.0378,0.7278,1.3006,0.5869,0.6574,0.755,0.758,0.707,0.891,0.763,0.794,0.780,0.789,3.811,1.660,3.413,0.232,1.543,3.533,1.280,1.560
v6-fb-final-v2,40,0.871874,1.259187,0.267356,0.303914,0.000791,4924.17,64,32,0.2,32,0.5,0.05,0.738,0.102,1.5562,0.5604,1.6345,0.1641,0.5801,1.4477,0.6638,0.6574,0.746,0.804,0.649,0.186,0.823,0.712,0.697,0.889,4.080,1.272,3.807,0.393,1.348,3.434,1.344,2.026
default,54,0.737906,1.172569,0.256181,0.273704,0.000782,6434.58,64,32,0.3,32,0.5,0.05,0.620,0.118,1.4060,0.6566,1.5123,0.0461,0.5790,1.4142,0.5834,0.6294,0.729,0.673,0.613,0.598,0.760,0.722,0.743,0.794,3.397,1.239,3.239,0.173,1.172,3.522,1.161,1.498
v6-fb-final-v2,41,0.855857,1.052580,0.265046,0.253313,0.000790,5028.93,64,32,0.2,32,0.5,0.05,0.585,0.118,1.3064,0.6117,1.2663,0.0456,0.5774,1.1383,0.6852,0.6211,0.768,0.649,0.605,0.908,0.785,0.755,0.654,0.828,3.530,1.069,2.466,0.203,1.217,3.131,1.212,1.558
default,55,0.699123,0.968289,0.255249,0.272087,0.000781,6536.90,64,32,0.3,32,0.5,0.05,0.580,0.120,1.5882,0.5555,1.3383,0.0592,0.6438,1.4058,0.5776,0.6155,0.642,0.743,0.680,0.431,0.758,0.646,0.748,0.772,3.202,1.123,2.948,0.149,1.288,3.185,1.157,1.349
v6-fb-final-v2,42,0.839648,1.087908,0.259777,0.265629,0.000790,5132.14,64,32,0.2,32,0.5,0.05,0.644,0.113,1.2526,0.6885,1.3301,0.0532,0.6066,1.3042,0.5960,0.6942,0.780,0.659,0.724,0.896,0.823,0.717,0.729,0.751,3.452,1.242,3.217,0.290,1.387,3.264,1.136,1.595
default,56,0.676804,1.127528,0.250672,0.269411,0.000781,6641.88,64,32,0.3,32,0.5,0.05,0.638,0.119,1.4290,0.5807,1.2787,0.0437,0.7083,1.3852,0.6193,0.6496,0.755,0.760,0.707,0.724,0.680,0.748,0.731,0.797,3.667,1.238,2.998,0.173,1.364,3.546,1.242,1.598
v6-fb-final-v2,43,0.829072,1.125929,0.259868,0.270075,0.000789,5238.71,64,32,0.2,32,0.5,0.05,0.602,0.118,1.4179,0.5465,1.3962,0.0697,0.6661,1.3627,0.5731,0.6263,0.729,0.731,0.617,0.700,0.690,0.613,0.753,0.789,3.465,1.022,3.042,0.213,1.393,3.071,1.123,1.462
default,57,0.676751,1.032769,0.243172,0.241128,0.000780,6748.78,64,32,0.3,32,0.5,0.05,0.594,0.121,1.2479,0.5507,1.2524,0.0388,0.5640,1.1600,0.5693,0.6047,0.801,0.736,0.724,0.504,0.731,0.789,0.823,0.782,3.568,1.058,3.142,0.118,1.099,3.234,1.348,1.392
v6-fb-final-v2,44,0.780002,1.137136,0.255304,0.259561,0.000789,5344.95,64,32,0.2,32,0.5,0.05,0.554,0.119,1.2858,0.6174,1.2068,0.0603,0.5942,1.2846,0.5894,0.7214,0.738,0.692,0.678,0.634,0.758,0.646,0.731,0.579,3.284,1.154,2.711,0.182,1.175,2.728,1.094,1.314
default,58,0.644291,1.142657,0.242732,0.262697,0.000779,6854.54,64,32,0.3,32,0.5,0.05,0.659,0.116,1.4639,0.6007,1.2755,0.0423,0.5605,1.3194,0.6369,0.6545,0.717,0.714,0.707,0.835,0.831,0.758,0.719,0.821,3.756,1.193,3.198,0.242,1.465,3.307,1.283,1.689
v6-fb-final-v2,45,0.766424,1.105014,0.253621,0.261120,0.000788,5450.73,64,32,0.2,32,0.5,0.05,0.630,0.117,1.3644,0.5639,1.3827,0.0782,0.5959,1.2582,0.5641,0.5969,0.729,0.760,0.692,0.799,0.828,0.753,0.768,0.845,3.480,1.175,2.972,0.229,1.533,3.302,1.160,1.550
default,59,0.629470,1.068353,0.240711,0.249615,0.000778,6957.67,64,32,0.3,32,0.5,0.05,0.603,0.117,1.2636,0.5902,1.1920,0.0276,0.6389,1.2179,0.6198,0.6528,0.736,0.690,0.777,0.862,0.712,0.758,0.688,0.785,3.094,1.103,3.446,0.168,1.296,3.025,1.204,1.530
v6-fb-final-v2,46,0.723844,1.162260,0.251684,0.283093,0.000787,5554.13,64,32,0.2,32,0.5,0.05,0.629,0.118,1.6238,0.6345,1.3170,0.0545,0.6331,1.5076,0.6601,0.6319,0.608,0.690,0.695,0.881,0.712,0.639,0.794,0.867,3.385,1.138,3.175,0.197,1.217,3.287,1.354,1.696
default,60,0.679011,1.259046,0.245748,0.278501,0.000777,7062.41,64,32,0.3,32,0.5,0.05,0.654,0.117,1.4183,0.6846,1.3154,0.0587,0.6710,1.3707,0.6510,0.6850,0.690,0.663,0.709,0.373,0.741,0.741,0.680,0.792,3.586,1.265,3.328,0.184,1.454,3.401,1.265,1.673
v6-fb-final-v2,47,0.708026,1.262036,0.250823,0.289336,0.000787,5658.18,64,32,0.2,32,0.5,0.05,0.687,0.113,1.4441,0.6700,1.5094,0.0774,0.6075,1.4987,0.6944,0.6141,0.734,0.717,0.663,0.867,0.738,0.605,0.656,0.818,3.668,1.376,3.604,0.316,1.255,3.595,1.261,1.588
default,61,0.632471,1.302279,0.240078,0.267615,0.000777,7165.31,64,32,0.3,32,0.5,0.05,0.640,0.117,1.4216,0.5932,1.3506,0.0359,0.6046,1.4630,0.6132,0.6226,0.676,0.753,0.676,0.753,0.741,0.753,0.729,0.797,3.534,1.259,2.997,0.189,1.295,3.649,1.280,1.602
v6-fb-final-v2,48,0.699566,1.216268,0.249095,0.304858,0.000786,5761.59,64,32,0.2,32,0.5,0.05,0.637,0.119,1.7069,0.5728,1.6434,0.0578,0.6865,1.5945,0.5955,0.7711,0.613,0.685,0.562,0.910,0.632,0.545,0.702,0.695,3.592,0.989,3.765,0.212,1.048,3.473,1.066,1.675
default,62,0.628454,1.036830,0.238121,0.260797,0.000776,7276.67,64,32,0.3,32,0.5,0.05,0.634,0.120,1.2626,0.5878,1.2181,0.0601,0.6092,1.4018,0.6373,0.6287,0.816,0.780,0.768,0.303,0.806,0.697,0.600,0.838,3.801,1.281,3.303,0.158,1.267,3.324,1.029,1.671
v6-fb-final-v2,49,0.733003,1.221944,0.247925,0.272449,0.000785,5873.41,64,32,0.2,32,0.5,0.05,0.628,0.117,1.3397,0.5652,1.3630,0.0627,0.6306,1.1887,0.8920,0.6190,0.765,0.690,0.707,0.910,0.772,0.743,0.562,0.818,3.303,1.096,2.994,0.240,1.375,3.247,1.426,1.575
default,63,0.560618,1.281847,0.232421,0.285344,0.000775,7397.35,64,32,0.3,32,0.5,0.05,0.610,0.117,1.3449,0.5760,1.4231,0.0278,0.9435,1.4215,0.6112,0.7309,0.707,0.760,0.656,0.910,0.370,0.663,0.722,0.659,3.282,1.130,3.258,0.176,1.322,3.263,1.129,1.510
v6-fb-final-v2,50,0.728077,1.225443,0.247634,0.281116,0.000785,5993.30,64,32,0.2,32,0.5,0.05,0.640,0.115,1.5918,0.6128,1.3264,0.0603,0.6120,1.2650,0.6045,0.8720,0.678,0.932,0.646,0.831,0.758,0.676,0.768,0.637,3.303,1.886,2.678,0.232,1.287,2.931,1.276,1.834
default,64,0.520053,1.350687,0.231317,0.289982,0.000774,7524.36,64,32,0.3,32,0.5,0.05,0.633,0.115,1.4433,0.5822,1.6345,0.0627,0.6110,1.5774,0.6269,0.6663,0.661,0.746,0.603,0.608,0.763,0.634,0.763,0.818,3.369,1.123,3.267,0.243,1.393,2.912,1.309,1.754
v6-fb-final-v2,51,0.685047,1.249625,0.246122,0.296237,0.000784,6122.82,64,32,0.2,32,0.5,0.05,0.666,0.109,1.4989,0.5762,1.5134,0.1414,0.6739,1.5069,0.5776,0.6348,0.712,0.734,0.692,0.896,0.772,0.663,0.806,0.811,3.644,1.086,3.312,0.365,1.419,3.374,1.315,1.463
default,65,0.525977,1.197502,0.230272,0.267062,0.000773,7651.44,64,32,0.3,32,0.5,0.05,0.633,0.118,1.3514,0.5803,1.4591,0.0470,0.5824,1.3994,0.5975,0.6323,0.772,0.816,0.668,0.741,0.743,0.748,0.688,0.823,3.773,1.310,3.242,0.171,1.212,3.328,1.103,1.615
v6-fb-final-v2,52,0.625460,1.150515,0.235624,0.268910,0.000783,6249.79,64,32,0.2,32,0.5,0.05,0.542,0.119,1.3179,0.6506,1.4467,0.0517,0.5997,1.2785,0.6759,0.6189,0.666,0.571,0.557,0.831,0.760,0.603,0.649,0.835,2.869,0.934,2.608,0.196,1.224,2.674,1.078,1.594
default,66,0.559385,1.010687,0.231696,0.238685,0.000772,7767.71,64,32,0.3,32,0.5,0.05,0.568,0.121,1.2689,0.5837,1.1390,0.0281,0.5655,1.1378,0.5790,0.6405,0.780,0.768,0.724,0.726,0.797,0.763,0.821,0.731,3.449,1.132,2.782,0.113,1.185,3.004,1.270,1.312
v6-fb-final-v2,53,0.642329,1.356391,0.240756,0.279867,0.000783,6365.10,64,32,0.2,32,0.5,0.05,0.575,0.117,1.2845,0.5872,1.4441,0.0675,0.6557,1.4971,0.6056,0.7247,0.763,0.751,0.632,0.923,0.726,0.598,0.736,0.593,3.456,1.268,2.666,0.200,1.156,2.839,1.140,1.402
default,67,0.482652,1.131593,0.225348,0.263080,0.000771,7877.77,64,32,0.3,32,0.5,0.05,0.575,0.120,1.3144,0.6163,1.3848,0.0305,0.5828,1.4075,0.6253,0.6183,0.705,0.668,0.678,0.910,0.789,0.692,0.692,0.801,3.033,1.040,3.090,0.152,1.248,3.064,1.140,1.451
v6-fb-final-v2,54,0.668466,1.280282,0.239885,0.277311,0.000782,6471.97,64,32,0.2,32,0.5,0.05,0.679,0.115,1.3414,0.5562,1.4914,0.0687,0.7071,1.4753,0.5828,0.6092,0.814,0.804,0.736,0.855,0.748,0.700,0.782,0.787,3.830,1.226,3.811,0.238,1.490,3.504,1.201,1.444
default,68,0.495785,1.298800,0.224446,0.275128,0.000770,7989.36,64,32,0.3,32,0.5,0.05,0.644,0.117,1.3894,0.6480,1.3431,0.0425,0.7684,1.2973,0.6329,0.6794,0.722,0.765,0.678,0.915,0.690,0.758,0.806,0.724,3.418,1.324,2.906,0.209,1.601,3.389,1.467,1.410
v6-fb-final-v2,55,0.633362,1.150235,0.238363,0.306666,0.000781,6583.85,64,32,0.2,32,0.5,0.05,0.646,0.120,1.7261,0.6520,1.7763,0.1030,0.6130,1.3976,0.6633,0.6194,0.620,0.630,0.528,0.184,0.775,0.692,0.552,0.814,4.159,1.118,3.324,0.177,1.276,3.666,1.054,1.464
default,69,0.469352,1.522151,0.220510,0.278576,0.000769,8121.81,64,32,0.3,32,0.5,0.05,0.655,0.113,1.3720,0.6150,1.4340,0.0293,0.6190,1.5442,0.6638,0.6949,0.753,0.826,0.680,0.930,0.768,0.702,0.668,0.765,3.589,1.354,3.167,0.254,1.391,3.426,1.181,1.616
v6-fb-final-v2,56,0.631305,1.245514,0.236164,0.287282,0.000781,6719.31,64,32,0.2,32,0.5,0.05,0.625,0.118,1.4707,0.5873,1.6245,0.0700,0.5886,1.4289,0.6666,0.6690,0.760,0.724,0.637,0.903,0.818,0.690,0.855,0.726,3.430,1.183,2.966,0.193,1.341,3.135,1.626,1.462
default,70,0.485308,1.145965,0.221130,0.255217,0.000769,8259.89,64,32,0.3,32,0.5,0.05,0.628,0.118,1.2574,0.6193,1.2716,0.0496,0.5945,1.2979,0.5948,0.6145,0.797,0.765,0.736,0.692,0.787,0.780,0.755,0.794,3.766,1.385,2.921,0.164,1.389,3.248,1.238,1.478
v6-fb-final-v2,57,0.603962,1.062300,0.227898,0.249595,0.000780,6854.86,64,32,0.2,32,0.5,0.05,0.556,0.121,1.3663,0.5567,1.3521,0.0363,0.5803,1.1419,0.5821,0.6159,0.743,0.702,0.649,0.843,0.792,0.731,0.666,0.755,3.381,1.021,2.800,0.152,1.256,2.918,1.006,1.313
default,71,0.489996,1.191182,0.223483,0.272248,0.000768,8387.13,64,32,0.3,32,0.5,0.05,0.612,0.118,1.3429,0.7150,1.1769,0.0489,0.6773,1.3702,0.6687,0.6923,0.673,0.734,0.736,0.562,0.692,0.608,0.738,0.760,3.121,1.369,3.118,0.165,1.244,3.224,1.325,1.501
v6-fb-final-v2,58,0.646028,1.322034,0.228750,0.276484,0.000779,6983.10,64,32,0.2,32,0.5,0.05,0.592,0.116,1.4641,0.5849,1.3586,0.0690,0.6214,1.4564,0.5989,0.6735,0.678,0.700,0.683,0.804,0.685,0.646,0.736,0.702,3.436,1.051,2.954,0.262,1.112,3.213,1.100,1.329
default,72,0.497598,1.256867,0.218042,0.282044,0.000767,8525.81,64,32,0.3,32,0.5,0.05,0.594,0.116,1.5299,0.7477,1.3440,0.0457,0.6286,1.3856,0.6208,0.7085,0.654,0.692,0.663,0.671,0.734,0.690,0.717,0.654,3.366,1.410,2.881,0.208,1.220,2.904,1.194,1.369
v6-fb-final-v2,59,0.587413,1.170427,0.231673,0.277149,0.000778,7120.24,64,32,0.2,32,0.5,0.05,0.631,0.120,1.6330,0.6243,1.4663,0.0515,0.5839,1.3071,0.6564,0.6114,0.717,0.659,0.722,0.913,0.785,0.726,0.671,0.833,3.666,1.145,3.517,0.170,1.290,3.058,1.258,1.572
default,73,0.456930,1.806666,0.216195,0.310534,0.000766,8663.00,64,32,0.3,32,0.5,0.05,0.733,0.110,1.4355,0.6768,1.7703,0.0737,0.6394,1.6929,0.6499,0.7280,0.738,0.794,0.625,0.850,0.797,0.697,0.755,0.719,3.695,1.465,3.767,0.379,1.559,3.681,1.373,1.634
v6-fb-final-v2,60,0.570513,1.180317,0.224140,0.275261,0.000777,7256.07,64,32,0.2,32,0.5,0.05,0.593,0.119,1.3346,0.5757,1.3808,0.0957,0.6231,1.3132,0.6239,0.7178,0.775,0.755,0.705,0.460,0.738,0.707,0.680,0.668,3.305,1.122,3.086,0.180,1.270,3.156,1.071,1.460
default,74,0.467952,1.131963,0.212641,0.264325,0.000765,8780.69,64,32,0.3,32,0.5,0.05,0.629,0.120,1.4530,0.7369,1.3520,0.0276,0.5723,1.2696,0.5886,0.6275,0.695,0.668,0.705,0.850,0.833,0.765,0.734,0.760,3.592,1.438,3.179,0.148,1.386,3.430,1.165,1.348
v6-fb-final-v2,61,0.540529,1.558247,0.223544,0.305978,0.000777,7372.45,64,32,0.2,32,0.5,0.05,0.680,0.114,1.4010,0.6493,1.5352,0.1301,0.6530,1.6367,0.6929,0.6617,0.729,0.661,0.714,0.390,0.785,0.649,0.835,0.821,3.626,1.212,3.302,0.239,1.527,3.363,1.599,1.698
default,75,0.435323,1.343008,0.211066,0.266565,0.000764,8904.38,64,32,0.3,32,0.5,0.05,0.650,0.117,1.1736,0.6265,1.4308,0.0587,0.6068,1.3876,0.6066,0.6508,0.760,0.695,0.782,0.421,0.765,0.697,0.768,0.831,3.389,1.240,3.645,0.192,1.360,3.274,1.218,1.693
v6-fb-final-v2,62,0.563160,1.342492,0.226490,0.269752,0.000776,7493.83,64,32,0.2,32,0.5,0.05,0.634,0.117,1.5587,0.5801,1.4894,0.0437,0.6058,1.2762,0.5898,0.6221,0.666,0.818,0.620,0.913,0.874,0.743,0.741,0.785,3.543,1.277,3.162,0.237,1.543,3.234,1.068,1.438
default,76,0.443574,1.666405,0.211700,0.289264,0.000763,9022.73,64,32,0.3,32,0.5,0.05,0.641,0.111,1.3730,0.6474,1.5556,0.0380,0.6500,1.5998,0.6264,0.7252,0.755,0.751,0.663,0.903,0.787,0.680,0.741,0.729,3.514,1.253,3.127,0.278,1.435,3.188,1.186,1.543
v6-fb-final-v2,63,0.535598,1.299533,0.219688,0.273970,0.000775,7613.85,64,32,0.2,32,0.5,0.05,0.589,0.115,1.3583,0.5833,1.3801,0.0805,0.6676,1.3292,0.6192,0.6675,0.753,0.671,0.692,0.676,0.692,0.697,0.726,0.777,3.483,1.020,2.961,0.227,1.143,2.966,1.114,1.528
default,77,0.462676,1.225503,0.215950,0.283406,0.000762,9143.47,64,32,0.3,32,0.5,0.05,0.628,0.117,1.5454,0.7016,1.5022,0.0301,0.6752,1.3230,0.6659,0.6580,0.646,0.625,0.598,0.923,0.751,0.671,0.697,0.780,3.381,1.418,3.201,0.191,1.485,2.988,1.157,1.576
v6-fb-final-v2,64,0.523567,1.192592,0.221823,0.260947,0.000774,7731.92,64,32,0.2,32,0.5,0.05,0.573,0.117,1.2724,0.6477,1.3087,0.0606,0.6287,1.2671,0.5828,0.6329,0.717,0.654,0.666,0.964,0.782,0.683,0.777,0.789,2.899,1.142,2.685,0.263,1.293,2.757,1.162,1.519
default,78,0.414986,1.286945,0.209330,0.278188,0.000760,9267.30,64,32,0.3,32,0.5,0.05,0.583,0.117,1.3971,0.6494,1.4237,0.0740,0.6244,1.4496,0.5764,0.6456,0.702,0.552,0.678,0.395,0.753,0.695,0.748,0.734,3.349,1.046,2.762,0.227,1.242,3.203,1.028,1.429
v6-fb-final-v2,65,0.502783,1.233461,0.216886,0.288594,0.000773,7855.56,64,32,0.2,32,0.5,0.05,0.596,0.120,1.8733,0.6745,1.4277,0.0566,0.6120,1.3319,0.6055,0.6642,0.576,0.523,0.700,0.845,0.700,0.700,0.676,0.843,3.603,0.995,3.008,0.139,1.191,2.878,1.053,1.977
default,79,0.425247,1.478741,0.207593,0.309719,0.000759,9405.83,64,32,0.3,32,0.5,0.05,0.629,0.116,1.6582,0.5666,1.8268,0.0715,0.6412,1.7479,0.5898,0.6490,0.666,0.724,0.646,0.637,0.719,0.673,0.763,0.758,4.103,0.998,3.239,0.170,1.300,3.393,1.205,1.405
v6-fb-final-v2,66,0.532850,1.192935,0.216362,0.266093,0.000772,7993.67,64,32,0.2,32,0.5,0.05,0.599,0.117,1.3449,0.5811,1.3216,0.0590,0.6270,1.3013,0.6747,0.6397,0.738,0.845,0.700,0.908,0.748,0.714,0.630,0.799,3.088,1.464,2.919,0.215,1.231,3.023,1.123,1.501
default,80,0.425942,1.456517,0.204911,0.302368,0.000758,9538.70,64,32,0.3,32,0.5,0.05,0.646,0.118,1.3652,0.7138,1.5550,0.0558,0.7234,1.5783,0.7100,0.7440,0.748,0.775,0.690,0.751,0.734,0.688,0.845,0.753,3.490,1.392,3.249,0.166,1.380,3.168,1.539,1.554
v6-fb-final-v2,67,0.501388,1.176614,0.214463,0.260899,0.000771,8125.08,64,32,0.2,32,0.5,0.05,0.566,0.115,1.2822,0.6305,1.3145,0.0604,0.5881,1.3540,0.5892,0.6046,0.748,0.676,0.654,0.930,0.753,0.659,0.678,0.804,3.230,1.122,2.708,0.227,1.205,2.895,1.025,1.406
default,81,0.398314,1.101429,0.204287,0.260792,0.000757,9666.00,64,32,0.3,32,0.5,0.05,0.547,0.120,1.2961,0.5518,1.4345,0.0430,0.5792,1.2699,0.6367,0.6628,0.700,0.741,0.625,0.668,0.673,0.680,0.634,0.610,3.106,1.063,3.128,0.165,0.967,2.845,1.108,1.212
v6-fb-final-v2,68,0.462147,1.255235,0.208740,0.277994,0.000770,8252.47,64,32,0.2,32,0.5,0.05,0.568,0.118,1.4493,0.6274,1.4632,0.0698,0.6235,1.3317,0.6391,0.6440,0.734,0.625,0.685,0.932,0.772,0.726,0.729,0.772,3.279,0.989,2.763,0.194,1.314,2.915,1.184,1.331
default,82,0.439960,1.293993,0.208660,0.256028,0.000756,9787.21,64,32,0.3,32,0.5,0.05,0.560,0.115,1.3154,0.6335,1.2624,0.0440,0.6162,1.2296,0.5984,0.6349,0.722,0.588,0.683,0.966,0.748,0.729,0.719,0.748,3.116,1.032,2.682,0.291,1.161,2.905,1.030,1.259
v6-fb-final-v2,69,0.476813,1.405626,0.210280,0.292416,0.000769,8374.09,64,32,0.2,32,0.5,0.05,0.575,0.114,1.5098,0.6652,1.4254,0.0759,0.7444,1.5147,0.6106,0.6458,0.630,0.593,0.661,0.964,0.632,0.654,0.717,0.734,3.091,1.003,2.809,0.299,1.214,2.954,1.074,1.362
default,83,0.415177,1.505231,0.203184,0.299283,0.000755,9925.71,64,32,0.3,32,0.5,0.05,0.580,0.118,1.6020,0.6386,1.6621,0.0429,0.6657,1.4933,0.6852,0.7051,0.528,0.683,0.499,0.753,0.705,0.603,0.731,0.729,3.353,1.030,3.063,0.188,1.190,2.898,1.204,1.398
v6-fb-final-v2,70,0.445631,1.234815,0.208705,0.276641,0.000769,8512.50,64,32,0.2,32,0.5,0.05,0.589,0.117,1.5121,0.6009,1.4350,0.0831,0.5989,1.4059,0.5550,0.6255,0.649,0.702,0.673,0.966,0.787,0.709,0.741,0.758,3.161,1.124,2.960,0.267,1.274,3.037,1.056,1.385
default,84,0.426910,1.867016,0.208239,0.323814,0.000754,10052.66,64,32,0.3,32,0.5,0.05,0.598,0.112,1.3744,0.8331,1.5223,0.0858,0.8504,1.4970,0.7969,0.8514,0.639,0.586,0.620,0.872,0.637,0.613,0.695,0.719,2.815,1.148,2.875,0.292,1.310,2.965,1.258,1.585
v6-fb-final-v2,71,0.498159,1.162948,0.210306,0.260080,0.000768,8639.38,64,32,0.2,32,0.5,0.05,0.593,0.120,1.3571,0.5792,1.3182,0.0562,0.5930,1.2516,0.5877,0.6769,0.770,0.770,0.676,0.935,0.760,0.751,0.685,0.755,3.446,1.177,2.865,0.221,1.173,3.273,1.025,1.406
default,85,0.512236,1.323711,0.209878,0.285143,0.000753,10190.81,64,32,0.3,32,0.5,0.05,0.585,0.117,1.2866,0.6054,1.5318,0.1054,0.6573,1.3828,0.6514,0.6600,0.702,0.787,0.630,0.196,0.695,0.692,0.731,0.738,3.267,1.213,2.833,0.188,1.240,3.031,1.230,1.376
v6-fb-final-v2,72,0.466796,1.285621,0.204560,0.293761,0.000767,8777.60,64,32,0.2,32,0.5,0.05,0.525,0.120,1.7173,0.5906,1.5784,0.0689,0.6294,1.5127,0.5754,0.6656,0.489,0.656,0.528,0.731,0.705,0.552,0.731,0.719,3.260,0.963,2.542,0.150,1.086,2.630,1.010,1.393
default,86,0.399636,1.242930,0.204368,0.264906,0.000752,10332.53,64,32,0.3,32,0.5,0.05,0.615,0.117,1.3248,0.5638,1.4366,0.0351,0.5717,1.4347,0.6181,0.6415,0.772,0.799,0.714,0.867,0.748,0.705,0.811,0.770,3.524,1.173,3.120,0.174,1.267,3.087,1.404,1.471
v6-fb-final-v2,73,0.445302,1.149565,0.204114,0.271828,0.000766,8919.25,64,32,0.2,32,0.5,0.05,0.533,0.121,1.5855,0.5659,1.4657,0.0487,0.5975,1.3636,0.5808,0.6126,0.625,0.702,0.644,0.915,0.709,0.639,0.690,0.755,3.186,0.964,2.938,0.164,1.039,2.807,0.951,1.220
default,87,0.385720,1.348242,0.206791,0.272350,0.000750,10478.26,64,32,0.3,32,0.5,0.05,0.553,0.117,1.2719,0.6443,1.4228,0.0429,0.6521,1.3576,0.6538,0.6846,0.690,0.712,0.620,0.705,0.702,0.661,0.705,0.760,2.985,1.170,2.673,0.178,1.124,2.823,1.092,1.512
v6-fb-final-v2,74,0.461693,1.183151,0.205731,0.260458,0.000765,9064.76,64,32,0.2,32,0.5,0.05,0.571,0.119,1.3219,0.5875,1.2404,0.0593,0.6769,1.2712,0.5943,0.6449,0.743,0.724,0.709,0.751,0.722,0.719,0.760,0.787,3.250,0.967,3.009,0.172,1.336,2.937,1.064,1.391
default,88,0.353994,1.207029,0.195784,0.258009,0.000749,10619.64,64,32,0.3,32,0.5,0.05,0.562,0.122,1.2614,0.5906,1.3346,0.0442,0.6319,1.2386,0.6349,0.6372,0.722,0.724,0.712,0.780,0.726,0.772,0.627,0.770,3.134,1.037,2.939,0.109,1.203,3.258,1.010,1.406
v6-fb-final-v2,75,0.423980,1.356209,0.200415,0.271186,0.000764,9205.28,64,32,0.2,32,0.5,0.05,0.573,0.115,1.2709,0.5908,1.3194,0.0812,0.6578,1.3204,0.6762,0.6647,0.719,0.692,0.688,0.944,0.714,0.731,0.528,0.712,3.005,0.993,2.869,0.273,1.294,2.964,0.960,1.447
default,89,0.378587,1.347159,0.200623,0.270191,0.000748,10765.38,64,32,0.3,32,0.5,0.05,0.565,0.118,1.2850,0.6486,1.2945,0.0276,0.6440,1.2941,0.7940,0.7013,0.758,0.692,0.644,0.930,0.806,0.702,0.591,0.782,3.210,1.032,2.585,0.180,1.309,2.786,1.200,1.546
v6-fb-final-v2,76,0.427090,1.157325,0.199635,0.267276,0.000763,9350.92,64,32,0.2,32,0.5,0.05,0.511,0.125,1.3788,0.6032,1.4979,0.0496,0.6346,1.3189,0.5527,0.6113,0.731,0.588,0.642,0.896,0.709,0.678,0.712,0.775,3.059,0.898,2.595,0.145,1.106,2.682,0.969,1.258
default,90,0.372918,1.178580,0.197054,0.267226,0.000747,10916.54,64,32,0.3,32,0.5,0.05,0.566,0.120,1.2958,0.6355,1.3430,0.0589,0.6566,1.2817,0.6004,0.6848,0.697,0.634,0.676,0.697,0.722,0.714,0.714,0.668,3.227,1.089,2.885,0.124,1.280,3.002,1.106,1.415
v6-fb-final-v2,77,0.480739,1.368774,0.207225,0.280692,0.000762,9501.60,64,32,0.2,32,0.5,0.05,0.612,0.115,1.2863,0.5929,1.5903,0.0683,0.6580,1.4074,0.5984,0.6912,0.772,0.751,0.644,0.787,0.731,0.722,0.729,0.751,3.398,1.375,2.977,0.229,1.299,3.109,1.052,1.504
v6-fb-final-v2,78,0.422967,1.351033,0.200993,0.281623,0.000760,9645.39,64,32,0.2,32,0.5,0.05,0.551,0.117,1.4157,0.5658,1.5149,0.0898,0.5962,1.4959,0.5748,0.6547,0.700,0.683,0.637,0.494,0.746,0.649,0.683,0.663,3.327,0.938,2.798,0.208,1.103,3.014,0.988,1.230
default,91,0.350935,1.409113,0.194100,0.282392,0.000746,11060.83,64,32,0.3,32,0.5,0.05,0.590,0.116,1.3026,0.6324,1.5252,0.0673,0.6482,1.4185,0.6662,0.6677,0.743,0.755,0.634,0.898,0.734,0.642,0.690,0.804,3.587,1.057,2.966,0.192,1.221,2.902,1.120,1.537
v6-fb-final-v2,79,0.414755,1.456426,0.196024,0.280126,0.000759,9785.84,64,32,0.2,32,0.5,0.05,0.612,0.114,1.4318,0.5611,1.5817,0.0723,0.6168,1.4765,0.5581,0.6347,0.719,0.736,0.632,0.906,0.724,0.688,0.826,0.797,3.329,1.186,3.151,0.224,1.198,3.009,1.380,1.480
default,92,0.373357,1.102510,0.196758,0.257251,0.000744,11202.25,64,32,0.3,32,0.5,0.05,0.562,0.120,1.2247,0.6650,1.1988,0.0332,0.7393,1.1894,0.6334,0.6508,0.707,0.676,0.707,0.877,0.646,0.751,0.741,0.770,3.019,1.200,2.729,0.117,1.323,2.977,1.178,1.391
v6-fb-final-v2,80,0.387699,1.229532,0.192450,0.264098,0.000758,9924.63,64,32,0.2,32,0.5,0.05,0.510,0.120,1.3088,0.6259,1.3311,0.0523,0.6091,1.3486,0.5980,0.6488,0.666,0.676,0.651,0.864,0.741,0.646,0.738,0.738,2.755,1.032,2.691,0.125,1.192,2.396,1.102,1.292
default,93,0.359340,1.050744,0.198764,0.240261,0.000743,11342.19,64,32,0.3,32,0.5,0.05,0.520,0.124,1.2496,0.5708,1.1858,0.0370,0.5900,1.1214,0.5823,0.6163,0.717,0.702,0.700,0.893,0.738,0.702,0.782,0.755,3.055,0.923,2.756,0.110,1.090,2.671,1.152,1.255
v6-fb-final-v2,81,0.398990,1.237440,0.195145,0.252692,0.000757,10063.36,64,32,0.2,32,0.5,0.05,0.530,0.117,1.2934,0.5660,1.2718,0.0670,0.5964,1.2485,0.5527,0.6076,0.722,0.722,0.683,0.966,0.736,0.690,0.782,0.780,2.906,1.000,2.545,0.281,1.074,2.559,1.067,1.268
default,94,0.332834,1.407663,0.189512,0.286623,0.000742,11481.19,64,32,0.3,32,0.5,0.05,0.522,0.119,1.4067,0.6863,1.3832,0.0507,0.6729,1.4086,0.7379,0.7201,0.627,0.608,0.637,0.893,0.726,0.598,0.596,0.731,2.898,0.956,2.610,0.176,1.203,2.544,1.012,1.373
v6-fb-final-v2,82,0.420108,1.282542,0.198299,0.270500,0.000756,10206.95,64,32,0.2,32,0.5,0.05,0.547,0.117,1.2608,0.6465,1.3351,0.0758,0.6060,1.4663,0.6049,0.6157,0.738,0.615,0.651,0.896,0.726,0.646,0.726,0.751,3.264,1.031,2.684,0.209,1.072,2.752,1.142,1.269
default,95,0.314140,1.109557,0.188313,0.256104,0.000740,11625.76,64,32,0.3,32,0.5,0.05,0.530,0.120,1.2859,0.5930,1.2782,0.0406,0.6537,1.2784,0.5954,0.6213,0.724,0.714,0.688,0.930,0.712,0.646,0.690,0.775,3.174,1.008,2.752,0.142,1.200,2.631,0.954,1.329
v6-fb-final-v2,83,0.399476,1.190710,0.194681,0.258873,0.000755,10332.65,64,32,0.2,32,0.5,0.05,0.539,0.120,1.3280,0.5988,1.2373,0.0421,0.6192,1.3335,0.5999,0.6614,0.683,0.760,0.692,0.879,0.702,0.649,0.797,0.751,2.793,1.113,2.780,0.157,1.149,2.781,1.166,1.303
default,96,0.358784,1.087352,0.194460,0.270215,0.000739,11751.70,64,32,0.3,32,0.5,0.05,0.503,0.123,1.4844,0.6197,1.2027,0.0427,0.7102,1.4584,0.5984,0.6170,0.542,0.668,0.644,0.804,0.586,0.492,0.685,0.748,3.031,0.958,2.566,0.101,1.153,2.606,0.929,1.277
v6-fb-final-v2,84,0.404550,1.456852,0.192989,0.299614,0.000754,10474.26,64,32,0.2,32,0.5,0.05,0.574,0.116,1.3293,0.7284,1.5897,0.0967,0.6456,1.4308,0.7112,0.7188,0.734,0.584,0.632,0.678,0.751,0.697,0.656,0.816,3.171,1.024,2.607,0.247,1.217,2.789,1.153,1.662
default,97,0.345467,1.091874,0.188604,0.260795,0.000738,11893.07,64,32,0.3,32,0.5,0.05,0.473,0.123,1.2343,0.7749,1.2086,0.0371,0.6682,1.1555,0.6416,0.6813,0.622,0.494,0.666,0.804,0.649,0.661,0.692,0.615,2.446,1.028,2.458,0.084,1.098,2.391,1.063,1.183
v6-fb-final-v2,85,0.445493,1.233974,0.193011,0.266553,0.000753,10611.58,64,32,0.2,32,0.5,0.05,0.494,0.121,1.4566,0.5655,1.3650,0.0663,0.6049,1.2933,0.5817,0.6520,0.620,0.688,0.642,0.801,0.724,0.634,0.705,0.685,2.941,0.907,2.562,0.172,1.091,2.376,0.951,1.174
default,98,0.320770,1.225388,0.188519,0.250798,0.000737,12031.55,64,32,0.3,32,0.5,0.05,0.549,0.119,1.2404,0.5782,1.2530,0.0461,0.5978,1.2563,0.5926,0.6302,0.748,0.743,0.717,0.731,0.768,0.705,0.753,0.746,3.052,1.022,2.834,0.159,1.222,2.838,1.110,1.318
v6-fb-final-v2,86,0.369818,1.284922,0.189616,0.260436,0.000752,10757.46,64,32,0.2,32,0.5,0.05,0.511,0.118,1.4625,0.5396,1.2863,0.0706,0.6006,1.2813,0.5709,0.6153,0.584,0.782,0.617,0.809,0.746,0.678,0.719,0.763,2.902,1.136,2.223,0.196,1.166,2.583,0.993,1.243
default,99,0.299941,1.151461,0.183694,0.265973,0.000735,12177.20,64,32,0.3,32,0.5,0.05,0.504,0.120,1.4213,0.6114,1.2985,0.0703,0.5946,1.2716,0.6216,0.6452,0.610,0.726,0.646,0.671,0.765,0.615,0.755,0.705,2.658,1.043,2.574,0.132,1.146,2.403,1.178,1.261
v6-fb-final-v2,87,0.368273,1.143003,0.187181,0.259705,0.000750,10891.01,64,32,0.2,32,0.5,0.05,0.513,0.120,1.2238,0.5437,1.3879,0.0721,0.6249,1.3399,0.5696,0.5968,0.685,0.722,0.586,0.806,0.663,0.656,0.676,0.768,2.779,1.038,2.308,0.198,1.054,2.697,1.070,1.326
default,100,0.308827,1.225997,0.185600,0.266898,0.000734,12311.14,64,32,0.3,32,0.5,0.05,0.507,0.119,1.2860,0.5908,1.3582,0.0668,0.6005,1.3569,0.6334,0.6534,0.644,0.804,0.632,0.278,0.755,0.576,0.632,0.748,2.575,1.157,2.540,0.151,1.166,2.440,0.964,1.387
