trial_id,epoch,train_loss,val_loss,learning_rate,elapsed_sec,lstm1_units,lstm2_units,dropout,batch_size
default,0,1.348209,0.719824,0.0005,62.57,64,32,0.3,32
default,1,1.108966,0.637069,0.0005,118.43,64,32,0.3,32
default,2,1.021775,0.598387,0.0005,178.61,64,32,0.3,32
default,3,0.955123,0.560706,0.0005,262.49,64,32,0.3,32
default,4,0.889362,0.528005,0.0005,342.52,64,32,0.3,32
default,5,0.854442,0.520163,0.0005,407.77,64,32,0.3,32
default,6,0.819071,0.506793,0.0005,488.49,64,32,0.3,32
default,7,0.809723,0.512412,0.0005,561.96,64,32,0.3,32
default,8,0.789319,0.490808,0.0005,613.58,64,32,0.3,32
default,9,0.772451,0.480617,0.0005,667.42,64,32,0.3,32
default,10,0.758876,0.471731,0.0005,719.70,64,32,0.3,32
default,11,0.757491,0.476449,0.0005,771.26,64,32,0.3,32
default,12,0.746673,0.479219,0.0005,826.27,64,32,0.3,32
default,13,0.740694,0.472889,0.0005,885.24,64,32,0.3,32
default,14,0.741550,0.462370,0.0005,954.65,64,32,0.3,32
default,15,0.730663,0.470211,0.0005,1023.04,64,32,0.3,32
default,16,0.719001,0.483104,0.0005,1094.09,64,32,0.3,32
default,17,0.720285,0.464067,0.0005,1173.14,64,32,0.3,32
default,18,0.718936,0.467086,0.0005,1246.96,64,32,0.3,32
default,19,0.713118,0.449956,0.0005,1313.89,64,32,0.3,32
default,20,0.708248,0.453843,0.0005,1372.51,64,32,0.3,32
default,21,0.717778,0.456696,0.0005,1426.98,64,32,0.3,32
default,22,0.712588,0.444557,0.0005,1497.56,64,32,0.3,32
default,23,0.699537,0.442081,0.0005,1579.20,64,32,0.3,32
default,24,0.700294,0.457994,0.0005,1642.06,64,32,0.3,32
default,25,0.696388,0.447716,0.0005,1705.37,64,32,0.3,32
default,26,0.692094,0.449823,0.0005,1787.53,64,32,0.3,32
default,27,0.700119,0.458626,0.0005,1869.02,64,32,0.3,32
default,28,0.696028,0.447825,0.0005,1950.06,64,32,0.3,32
default,29,0.690065,0.444866,0.0005,2026.80,64,32,0.3,32
default,30,0.690427,0.441227,0.0005,2094.07,64,32,0.3,32
default,31,0.682647,0.465462,0.0005,2175.47,64,32,0.3,32
default,32,0.686919,0.441978,0.0005,2245.95,64,32,0.3,32
default,33,0.682888,0.442977,0.0005,2310.31,64,32,0.3,32
default,34,0.676064,0.433334,0.0005,2381.01,64,32,0.3,32
default,35,0.676756,0.436703,0.0005,2431.80,64,32,0.3,32
default,36,0.672584,0.434648,0.0005,2498.63,64,32,0.3,32
default,37,0.673140,0.439318,0.0005,2561.22,64,32,0.3,32
default,38,0.675317,0.442739,0.0005,2616.20,64,32,0.3,32
default,39,0.672202,0.432258,0.0005,2680.52,64,32,0.3,32
default,40,0.674169,0.443820,0.0005,2764.10,64,32,0.3,32
default,41,0.668771,0.436976,0.0005,2849.01,64,32,0.3,32
trial_id,epoch,train_loss,val_loss,learning_rate,elapsed_sec,lstm1_units,lstm2_units,dropout,batch_size
default,0,1.717557,0.815910,0.0005,92.38,64,32,0.3,32
default,42,0.670855,0.443756,0.0005,2933.21,64,32,0.3,32
default,43,0.670259,0.446139,0.0005,3019.00,64,32,0.3,32
default,1,1.185622,0.693133,0.0005,186.42,64,32,0.3,32
trial_id,epoch,train_loss,val_loss,learning_rate,elapsed_sec,lstm1_units,lstm2_units,dropout,batch_size
default,0,1.844941,0.813272,0.0005,97.24,64,32,0.3,32
default,44,0.659032,0.444603,0.0005,3103.78,64,32,0.3,32
default,2,1.080714,0.644144,0.0005,281.38,64,32,0.3,32
default,1,1.192562,0.713189,0.0005,192.09,64,32,0.3,32
default,45,0.668808,0.451160,0.0005,3190.94,64,32,0.3,32
default,3,1.007346,0.604315,0.0005,376.18,64,32,0.3,32
default,2,1.087429,0.645282,0.0005,287.12,64,32,0.3,32
default,46,0.665621,0.433456,0.0005,3278.16,64,32,0.3,32
default,4,0.948918,0.587630,0.0005,473.06,64,32,0.3,32
default,47,0.665393,0.438758,0.0005,3346.80,64,32,0.3,32
default,3,1.017775,0.616259,0.0005,385.20,64,32,0.3,32
default,5,0.917580,0.558569,0.0005,572.69,64,32,0.3,32
default,48,0.658347,0.431415,0.0005,3424.76,64,32,0.3,32
default,4,0.972676,0.595372,0.0005,481.87,64,32,0.3,32
default,6,0.888965,0.559327,0.0005,665.87,64,32,0.3,32
default,49,0.656068,0.439159,0.0005,3510.00,64,32,0.3,32
default,5,0.946283,0.580770,0.0005,575.25,64,32,0.3,32
default,7,0.863662,0.543874,0.0005,761.09,64,32,0.3,32
default,50,0.659122,0.438817,0.0005,3597.50,64,32,0.3,32
default,6,0.913160,0.567118,0.0005,670.88,64,32,0.3,32
default,51,0.661375,0.439150,0.0005,3685.27,64,32,0.3,32
default,8,0.847108,0.532042,0.0005,857.33,64,32,0.3,32
default,7,0.901149,0.556366,0.0005,767.45,64,32,0.3,32
default,52,0.655135,0.452720,0.0005,3773.20,64,32,0.3,32
default,9,0.836094,0.530355,0.0005,956.25,64,32,0.3,32
default,8,0.886627,0.552776,0.0005,866.49,64,32,0.3,32
default,53,0.654344,0.442159,0.0005,3859.11,64,32,0.3,32
default,10,0.825456,0.519755,0.0005,1054.47,64,32,0.3,32
default,9,0.878376,0.538392,0.0005,964.44,64,32,0.3,32
default,54,0.656123,0.436335,0.0005,3940.95,64,32,0.3,32
default,11,0.813433,0.509366,0.0005,1151.01,64,32,0.3,32
default,55,0.654969,0.438345,0.0005,4022.34,64,32,0.3,32
default,10,0.853978,0.532408,0.0005,1062.28,64,32,0.3,32
default,12,0.799573,0.495290,0.0005,1251.89,64,32,0.3,32
default,56,0.649150,0.443393,0.0005,4100.42,64,32,0.3,32
default,11,0.839767,0.522049,0.0005,1162.35,64,32,0.3,32
default,13,0.794797,0.493579,0.0005,1350.44,64,32,0.3,32
default,57,0.649422,0.454879,0.0005,4185.51,64,32,0.3,32
default,12,0.825673,0.505655,0.0005,1260.91,64,32,0.3,32
default,58,0.646906,0.439474,0.0005,4258.44,64,32,0.3,32
default,14,0.785880,0.502359,0.0005,1451.60,64,32,0.3,32
default,13,0.813379,0.496152,0.0005,1362.54,64,32,0.3,32
default,59,0.641232,0.426835,0.0005,4328.96,64,32,0.3,32
default,15,0.788258,0.481469,0.0005,1552.06,64,32,0.3,32
default,60,0.643840,0.454591,0.0005,4404.55,64,32,0.3,32
default,14,0.807576,0.486816,0.0005,1463.69,64,32,0.3,32
default,16,0.784108,0.491165,0.0005,1650.64,64,32,0.3,32
default,61,0.654803,0.436643,0.0005,4485.98,64,32,0.3,32
default,15,0.803044,0.484985,0.0005,1561.62,64,32,0.3,32
default,62,0.640355,0.448136,0.0005,4571.30,64,32,0.3,32
default,17,0.769642,0.482106,0.0005,1748.20,64,32,0.3,32
default,16,0.794529,0.483823,0.0005,1659.95,64,32,0.3,32
default,63,0.652402,0.432824,0.0005,4645.20,64,32,0.3,32
default,18,0.766171,0.472222,0.0005,1849.16,64,32,0.3,32
default,64,0.642961,0.430916,0.0005,4721.71,64,32,0.3,32
default,17,0.792320,0.481716,0.0005,1760.04,64,32,0.3,32
default,19,0.761727,0.476480,0.0005,1947.80,64,32,0.3,32
default,65,0.645899,0.441077,0.0005,4801.51,64,32,0.3,32
default,18,0.783440,0.483326,0.0005,1859.40,64,32,0.3,32
default,66,0.641231,0.431743,0.0005,4881.52,64,32,0.3,32
default,20,0.764068,0.481131,0.0005,2047.76,64,32,0.3,32
default,19,0.776505,0.473215,0.0005,1959.23,64,32,0.3,32
default,67,0.639077,0.436927,0.0005,4960.13,64,32,0.3,32
default,21,0.754621,0.471539,0.0005,2146.78,64,32,0.3,32
default,20,0.769606,0.489875,0.0005,2058.23,64,32,0.3,32
default,68,0.640996,0.426181,0.0005,5042.95,64,32,0.3,32
default,22,0.744191,0.463284,0.0005,2245.42,64,32,0.3,32
default,21,0.767722,0.474167,0.0005,2157.19,64,32,0.3,32
default,69,0.642899,0.435921,0.0005,5131.99,64,32,0.3,32
default,23,0.747025,0.463314,0.0005,2345.45,64,32,0.3,32
default,22,0.765740,0.470410,0.0005,2258.97,64,32,0.3,32
default,70,0.640466,0.440360,0.0005,5224.88,64,32,0.3,32
default,24,0.753349,0.467256,0.0005,2447.35,64,32,0.3,32
default,71,0.639388,0.430159,0.0005,5315.96,64,32,0.3,32
default,23,0.762916,0.474972,0.0005,2360.69,64,32,0.3,32
default,25,0.743936,0.470021,0.0005,2548.41,64,32,0.3,32
default,72,0.639143,0.434532,0.0005,5408.41,64,32,0.3,32
default,24,0.755543,0.460565,0.0005,2463.34,64,32,0.3,32
default,26,0.733642,0.464809,0.0005,2650.26,64,32,0.3,32
default,73,0.639578,0.443887,0.0005,5498.44,64,32,0.3,32
default,25,0.758897,0.466764,0.0005,2560.64,64,32,0.3,32
default,27,0.737276,0.460430,0.0005,2745.48,64,32,0.3,32
default,74,0.635971,0.434255,0.0005,5585.23,64,32,0.3,32
default,26,0.752111,0.475524,0.0005,2656.43,64,32,0.3,32
default,75,0.641488,0.449119,0.0005,5671.32,64,32,0.3,32
default,28,0.729720,0.462800,0.0005,2839.83,64,32,0.3,32
default,27,0.753720,0.460771,0.0005,2749.25,64,32,0.3,32
default,76,0.631323,0.436654,0.0005,5756.77,64,32,0.3,32
default,29,0.731805,0.463432,0.0005,2932.16,64,32,0.3,32
default,28,0.750270,0.453830,0.0005,2843.04,64,32,0.3,32
default,77,0.641281,0.442049,0.0005,5842.83,64,32,0.3,32
default,30,0.725800,0.459186,0.0005,3026.92,64,32,0.3,32
default,29,0.746526,0.460519,0.0005,2935.65,64,32,0.3,32
default,78,0.634357,0.433010,0.0005,5930.45,64,32,0.3,32
default,31,0.726859,0.455846,0.0005,3099.22,64,32,0.3,32
default,30,0.751895,0.469946,0.0005,2999.59,64,32,0.3,32
default,32,0.725246,0.452959,0.0005,3186.67,64,32,0.3,32
default,79,0.638425,0.427522,0.0005,6029.18,64,32,0.3,32
default,31,0.743424,0.462402,0.0005,3114.79,64,32,0.3,32
default,80,0.631652,0.431525,0.0005,6145.78,64,32,0.3,32
default,33,0.718154,0.453741,0.0005,3326.38,64,32,0.3,32
default,32,0.740226,0.458783,0.0005,3248.08,64,32,0.3,32
default,81,0.627004,0.432619,0.0005,6259.12,64,32,0.3,32
default,34,0.721472,0.454362,0.0005,3452.65,64,32,0.3,32
default,33,0.725537,0.456895,0.0005,3370.49,64,32,0.3,32
default,82,0.638510,0.432946,0.0005,6371.10,64,32,0.3,32
default,35,0.725367,0.465939,0.0005,3579.72,64,32,0.3,32
default,34,0.735918,0.454999,0.0005,3490.68,64,32,0.3,32
default,83,0.629454,0.434002,0.0005,6494.76,64,32,0.3,32
default,36,0.733181,0.456018,0.0005,3695.94,64,32,0.3,32
default,35,0.738695,0.457233,0.0005,3606.80,64,32,0.3,32
default,84,0.628290,0.440208,0.0005,6619.70,64,32,0.3,32
default,37,0.713183,0.451940,0.0005,3819.20,64,32,0.3,32
default,36,0.736261,0.463187,0.0005,3729.55,64,32,0.3,32
default,85,0.630559,0.434494,0.0005,6744.48,64,32,0.3,32
default,38,0.708826,0.449565,0.0005,3957.88,64,32,0.3,32
default,37,0.730736,0.455564,0.0005,3868.14,64,32,0.3,32
default,86,0.631314,0.431333,0.0005,6868.78,64,32,0.3,32
default,39,0.717200,0.451119,0.0005,4097.59,64,32,0.3,32
default,38,0.725464,0.459518,0.0005,4000.84,64,32,0.3,32
default,87,0.634601,0.424702,0.0005,6975.12,64,32,0.3,32
default,40,0.713898,0.445372,0.0005,4225.81,64,32,0.3,32
default,39,0.727421,0.457000,0.0005,4135.88,64,32,0.3,32
default,88,0.631509,0.423744,0.0005,7100.53,64,32,0.3,32
default,41,0.711544,0.452215,0.0005,4368.02,64,32,0.3,32
default,89,0.626446,0.434792,0.0005,7227.02,64,32,0.3,32
default,40,0.723394,0.453817,0.0005,4279.08,64,32,0.3,32
default,42,0.710699,0.462324,0.0005,4508.18,64,32,0.3,32
default,90,0.635926,0.437323,0.0005,7352.87,64,32,0.3,32
default,41,0.723897,0.450758,0.0005,4416.27,64,32,0.3,32
default,91,0.628497,0.441101,0.0005,7469.69,64,32,0.3,32
default,43,0.704991,0.447600,0.0005,4641.18,64,32,0.3,32
default,42,0.726448,0.443995,0.0005,4540.91,64,32,0.3,32
default,92,0.624772,0.427698,0.0005,7581.84,64,32,0.3,32
default,44,0.704214,0.444994,0.0005,4763.30,64,32,0.3,32
default,43,0.726644,0.456443,0.0005,4660.55,64,32,0.3,32
default,93,0.625527,0.439311,0.0005,7695.14,64,32,0.3,32
default,45,0.708121,0.446079,0.0005,4884.74,64,32,0.3,32
default,44,0.727568,0.457564,0.0005,4780.78,64,32,0.3,32
default,94,0.625621,0.428048,0.0005,7807.67,64,32,0.3,32
default,46,0.704365,0.454298,0.0005,5007.96,64,32,0.3,32
default,45,0.709446,0.455721,0.0005,4902.33,64,32,0.3,32
default,95,0.629449,0.435219,0.0005,7919.87,64,32,0.3,32
default,47,0.700251,0.446145,0.0005,5129.36,64,32,0.3,32
default,46,0.710799,0.447690,0.0005,5018.27,64,32,0.3,32
default,96,0.622134,0.422879,0.0005,8004.70,64,32,0.3,32
default,48,0.700476,0.442618,0.0005,5221.78,64,32,0.3,32
default,97,0.622166,0.426788,0.0005,8063.35,64,32,0.3,32
default,47,0.719269,0.448941,0.0005,5106.45,64,32,0.3,32
default,98,0.620377,0.428431,0.0005,8122.49,64,32,0.3,32
default,49,0.701489,0.444894,0.0005,5309.61,64,32,0.3,32
default,48,0.707682,0.457323,0.0005,5195.29,64,32,0.3,32
default,99,0.618928,0.437423,0.0005,8180.86,64,32,0.3,32
default,50,0.695611,0.435945,0.0005,5395.80,64,32,0.3,32
default,49,0.709707,0.442449,0.0005,5281.23,64,32,0.3,32
default,51,0.700940,0.437023,0.0005,5479.09,64,32,0.3,32
default,50,0.715016,0.455734,0.0005,5364.02,64,32,0.3,32
default,52,0.696733,0.453940,0.0005,5563.02,64,32,0.3,32
default,51,0.708738,0.448584,0.0005,5446.43,64,32,0.3,32
default,53,0.700891,0.444037,0.0005,5645.91,64,32,0.3,32
default,52,0.698841,0.453582,0.0005,5529.27,64,32,0.3,32
default,54,0.684902,0.458415,0.0005,5729.01,64,32,0.3,32
default,53,0.710104,0.450091,0.0005,5612.63,64,32,0.3,32
default,55,0.689698,0.431434,0.0005,5811.34,64,32,0.3,32
default,54,0.704674,0.455465,0.0005,5694.36,64,32,0.3,32
default,56,0.694768,0.434901,0.0005,5894.18,64,32,0.3,32
default,55,0.703804,0.465821,0.0005,5777.93,64,32,0.3,32
default,57,0.681918,0.439870,0.0005,5977.02,64,32,0.3,32
default,56,0.704142,0.446458,0.0005,5861.28,64,32,0.3,32
default,58,0.697715,0.440929,0.0005,6061.22,64,32,0.3,32
default,57,0.698357,0.447326,0.0005,5944.17,64,32,0.3,32
default,59,0.686255,0.444761,0.0005,6143.23,64,32,0.3,32
default,58,0.703206,0.446330,0.0005,6028.09,64,32,0.3,32
default,60,0.680408,0.450494,0.0005,6226.90,64,32,0.3,32
default,59,0.697369,0.459416,0.0005,6111.30,64,32,0.3,32
default,61,0.684301,0.434011,0.0005,6309.67,64,32,0.3,32
default,60,0.695420,0.439636,0.0005,6194.25,64,32,0.3,32
default,62,0.681044,0.442757,0.0005,6393.12,64,32,0.3,32
default,61,0.700267,0.456244,0.0005,6276.25,64,32,0.3,32
default,63,0.690184,0.442832,0.0005,6476.45,64,32,0.3,32
default,62,0.700526,0.445625,0.0005,6358.59,64,32,0.3,32
default,64,0.673748,0.440345,0.0005,6558.99,64,32,0.3,32
default,63,0.706137,0.462623,0.0005,6440.56,64,32,0.3,32
default,65,0.688892,0.438242,0.0005,6642.08,64,32,0.3,32
default,64,0.694837,0.447372,0.0005,6523.14,64,32,0.3,32
default,66,0.688503,0.444033,0.0005,6725.19,64,32,0.3,32
default,65,0.680325,0.440935,0.0005,6605.38,64,32,0.3,32
default,67,0.675674,0.447598,0.0005,6807.91,64,32,0.3,32
default,66,0.694744,0.447807,0.0005,6688.40,64,32,0.3,32
default,68,0.677548,0.443173,0.0005,6891.08,64,32,0.3,32
default,67,0.686897,0.453456,0.0005,6770.95,64,32,0.3,32
default,69,0.674958,0.433581,0.0005,6975.50,64,32,0.3,32
default,68,0.684272,0.438658,0.0005,6855.04,64,32,0.3,32
default,70,0.677978,0.436386,0.0005,7058.86,64,32,0.3,32
default,69,0.690625,0.454617,0.0005,6937.84,64,32,0.3,32
default,71,0.687782,0.428917,0.0005,7140.71,64,32,0.3,32
default,70,0.693954,0.449241,0.0005,7021.25,64,32,0.3,32
default,72,0.679985,0.441071,0.0005,7222.55,64,32,0.3,32
default,71,0.686476,0.455517,0.0005,7103.91,64,32,0.3,32
default,73,0.679071,0.430901,0.0005,7305.89,64,32,0.3,32
default,72,0.686332,0.442644,0.0005,7186.35,64,32,0.3,32
default,74,0.677590,0.447843,0.0005,7388.43,64,32,0.3,32
default,73,0.691055,0.442507,0.0005,7268.78,64,32,0.3,32
default,75,0.675059,0.439658,0.0005,7471.21,64,32,0.3,32
default,74,0.688942,0.444674,0.0005,7350.96,64,32,0.3,32
default,76,0.674820,0.436071,0.0005,7554.54,64,32,0.3,32
default,75,0.688131,0.452996,0.0005,7434.51,64,32,0.3,32
default,77,0.681754,0.441767,0.0005,7638.24,64,32,0.3,32
default,76,0.683111,0.453733,0.0005,7517.76,64,32,0.3,32
default,78,0.673113,0.431724,0.0005,7721.28,64,32,0.3,32
default,77,0.682856,0.446603,0.0005,7599.56,64,32,0.3,32
default,79,0.673029,0.436506,0.0005,7804.47,64,32,0.3,32
default,78,0.693399,0.448257,0.0005,7681.79,64,32,0.3,32
default,80,0.674849,0.428961,0.0005,7888.77,64,32,0.3,32
default,79,0.686984,0.447085,0.0005,7766.18,64,32,0.3,32
default,81,0.685605,0.447343,0.0005,7971.38,64,32,0.3,32
default,80,0.678839,0.447050,0.0005,7849.10,64,32,0.3,32
default,82,0.671850,0.442916,0.0005,8054.27,64,32,0.3,32
default,81,0.677794,0.447100,0.0005,7931.77,64,32,0.3,32
default,83,0.674073,0.439427,0.0005,8136.46,64,32,0.3,32
default,82,0.684009,0.444303,0.0005,8013.62,64,32,0.3,32
default,84,0.672556,0.436400,0.0005,8219.15,64,32,0.3,32
default,83,0.678289,0.452487,0.0005,8096.42,64,32,0.3,32
default,85,0.671262,0.432616,0.0005,8302.56,64,32,0.3,32
default,84,0.668665,0.440808,0.0005,8179.89,64,32,0.3,32
default,86,0.674517,0.433275,0.0005,8385.38,64,32,0.3,32
default,85,0.676606,0.441533,0.0005,8262.00,64,32,0.3,32
default,87,0.676296,0.436092,0.0005,8468.05,64,32,0.3,32
default,86,0.678112,0.444757,0.0005,8343.74,64,32,0.3,32
default,88,0.670629,0.437246,0.0005,8549.35,64,32,0.3,32
default,87,0.673109,0.457902,0.0005,8425.33,64,32,0.3,32
default,89,0.661991,0.431804,0.0005,8631.76,64,32,0.3,32
default,88,0.671191,0.436812,0.0005,8507.77,64,32,0.3,32
default,90,0.666985,0.432698,0.0005,8712.99,64,32,0.3,32
default,89,0.671788,0.443541,0.0005,8589.68,64,32,0.3,32
default,91,0.666662,0.436309,0.0005,8795.69,64,32,0.3,32
default,90,0.673684,0.441756,0.0005,8672.25,64,32,0.3,32
default,91,0.677780,0.453761,0.0005,8755.99,64,32,0.3,32
default,92,0.674400,0.443687,0.0005,8841.19,64,32,0.3,32
default,93,0.667172,0.454406,0.0005,8925.21,64,32,0.3,32
default,94,0.670870,0.448704,0.0005,9009.27,64,32,0.3,32
default,95,0.673054,0.439087,0.0005,9092.74,64,32,0.3,32
default,96,0.666397,0.449784,0.0005,9177.58,64,32,0.3,32
default,97,0.674556,0.448358,0.0005,9262.03,64,32,0.3,32
default,98,0.664124,0.437861,0.0005,9347.40,64,32,0.3,32
default,99,0.673454,0.455401,0.0005,9431.19,64,32,0.3,32
trial_id,epoch,train_loss,val_loss,learning_rate,elapsed_sec,lstm1_units,lstm2_units,dropout,batch_size
default,0,1.548119,0.779146,0.0005,66.47,64,32,0.3,32
default,1,1.156643,0.686675,0.0005,137.07,64,32,0.3,32
default,2,1.057081,0.637420,0.0005,182.75,64,32,0.3,32
default,3,0.996115,0.598500,0.0005,229.88,64,32,0.3,32
default,4,0.947977,0.572552,0.0005,278.02,64,32,0.3,32
default,5,0.901269,0.554296,0.0005,323.59,64,32,0.3,32
default,6,0.882740,0.539016,0.0005,370.52,64,32,0.3,32
default,7,0.860504,0.541944,0.0005,417.88,64,32,0.3,32
default,8,0.840382,0.526059,0.0005,465.22,64,32,0.3,32
default,9,0.821589,0.511828,0.0005,512.78,64,32,0.3,32
default,10,0.807701,0.506422,0.0005,559.88,64,32,0.3,32
default,11,0.791944,0.506841,0.0005,635.49,64,32,0.3,32
default,12,0.793138,0.491353,0.0005,712.40,64,32,0.3,32
default,13,0.787543,0.478441,0.0005,789.18,64,32,0.3,32
default,14,0.773838,0.481154,0.0005,865.79,64,32,0.3,32
default,15,0.771019,0.479873,0.0005,942.71,64,32,0.3,32
default,16,0.756387,0.475042,0.0005,1019.37,64,32,0.3,32
default,17,0.752793,0.471376,0.0005,1095.82,64,32,0.3,32
default,18,0.745900,0.469778,0.0005,1171.27,64,32,0.3,32
default,19,0.744377,0.462574,0.0005,1247.22,64,32,0.3,32
default,20,0.741939,0.473783,0.0005,1323.42,64,32,0.3,32
default,21,0.732528,0.465564,0.0005,1398.88,64,32,0.3,32
default,22,0.727179,0.454985,0.0005,1474.54,64,32,0.3,32
default,23,0.727011,0.466256,0.0005,1550.81,64,32,0.3,32
default,24,0.731613,0.460988,0.0005,1627.27,64,32,0.3,32
default,25,0.729642,0.458189,0.0005,1704.46,64,32,0.3,32
default,26,0.728531,0.457892,0.0005,1781.84,64,32,0.3,32
default,27,0.723178,0.454279,0.0005,1857.46,64,32,0.3,32
default,28,0.719585,0.447057,0.0005,1933.46,64,32,0.3,32
default,29,0.711825,0.475310,0.0005,2009.69,64,32,0.3,32
default,30,0.718127,0.460658,0.0005,2088.41,64,32,0.3,32
default,31,0.714630,0.464949,0.0005,2164.70,64,32,0.3,32
default,32,0.707729,0.452013,0.0005,2240.93,64,32,0.3,32
default,33,0.711106,0.448646,0.0005,2317.48,64,32,0.3,32
default,34,0.705819,0.448364,0.0005,2394.33,64,32,0.3,32
default,35,0.697393,0.457981,0.0005,2470.92,64,32,0.3,32
default,36,0.698949,0.460107,0.0005,2547.80,64,32,0.3,32
default,37,0.695412,0.446806,0.0005,2624.40,64,32,0.3,32
default,38,0.707449,0.453141,0.0005,2702.02,64,32,0.3,32
default,39,0.696413,0.457707,0.0005,2778.20,64,32,0.3,32
default,40,0.692669,0.456083,0.0005,2854.18,64,32,0.3,32
default,41,0.692453,0.446752,0.0005,2930.55,64,32,0.3,32
default,42,0.685480,0.453005,0.0005,3007.73,64,32,0.3,32
default,43,0.688241,0.446033,0.0005,3085.39,64,32,0.3,32
default,44,0.684165,0.455226,0.0005,3163.41,64,32,0.3,32
default,45,0.690554,0.436464,0.0005,3240.59,64,32,0.3,32
default,46,0.689856,0.446153,0.0005,3316.93,64,32,0.3,32
default,47,0.682350,0.446948,0.0005,3393.33,64,32,0.3,32
default,48,0.692049,0.438856,0.0005,3470.35,64,32,0.3,32
default,49,0.680905,0.434114,0.0005,3547.86,64,32,0.3,32
default,50,0.682036,0.436489,0.0005,3624.46,64,32,0.3,32
default,51,0.677695,0.438322,0.0005,3702.31,64,32,0.3,32
default,52,0.678920,0.446633,0.0005,3779.71,64,32,0.3,32
default,53,0.676225,0.437264,0.0005,3856.77,64,32,0.3,32
default,54,0.674935,0.443482,0.0005,3932.88,64,32,0.3,32
default,55,0.678032,0.434874,0.0005,4010.55,64,32,0.3,32
default,56,0.671689,0.438258,0.0005,4088.35,64,32,0.3,32
default,57,0.671373,0.453437,0.0005,4165.55,64,32,0.3,32
default,58,0.670423,0.453880,0.0005,4243.33,64,32,0.3,32
default,59,0.666482,0.435902,0.0005,4320.01,64,32,0.3,32
trial_id,epoch,train_loss,val_loss,learning_rate,elapsed_sec,lstm1_units,lstm2_units,dropout,batch_size
default,0,1.706392,0.801298,0.0005,62.57,64,32,0.3,32
default,1,1.171403,0.711993,0.0005,136.52,64,32,0.3,32
default,2,1.078202,0.660420,0.0005,210.28,64,32,0.3,32
default,3,1.025031,0.632337,0.0005,305.32,64,32,0.3,32
default,4,0.982204,0.605609,0.0005,378.71,64,32,0.3,32
default,5,0.946995,0.582259,0.0005,440.33,64,32,0.3,32
default,6,0.916849,0.563654,0.0005,509.79,64,32,0.3,32
default,7,0.887833,0.549156,0.0005,574.69,64,32,0.3,32
default,8,0.856427,0.537739,0.0005,637.67,64,32,0.3,32
default,9,0.838200,0.529671,0.0005,713.03,64,32,0.3,32
trial_id,epoch,train_loss,val_loss,learning_rate,elapsed_sec,lstm1_units,lstm2_units,dropout,batch_size
default,0,1.846322,0.848276,0.0005,93.13,64,32,0.3,32
default,10,0.833747,0.521917,0.0005,779.79,64,32,0.3,32
default,11,0.810393,0.509197,0.0005,850.08,64,32,0.3,32
default,1,1.234522,0.713786,0.0005,185.72,64,32,0.3,32
default,12,0.808285,0.511535,0.0005,917.71,64,32,0.3,32
default,2,1.091845,0.658640,0.0005,276.42,64,32,0.3,32
default,13,0.790392,0.501630,0.0005,988.29,64,32,0.3,32
default,3,1.015095,0.621777,0.0005,372.45,64,32,0.3,32
default,14,0.789791,0.512597,0.0005,1065.68,64,32,0.3,32
default,4,0.980497,0.605005,0.0005,469.35,64,32,0.3,32
default,15,0.774557,0.479387,0.0005,1150.83,64,32,0.3,32
default,5,0.947088,0.592192,0.0005,568.34,64,32,0.3,32
default,16,0.773410,0.480811,0.0005,1248.00,64,32,0.3,32
default,17,0.763947,0.475791,0.0005,1344.58,64,32,0.3,32
default,6,0.925760,0.582186,0.0005,666.25,64,32,0.3,32
default,7,0.907745,0.571924,0.0005,766.80,64,32,0.3,32
trial_id,epoch,train_loss,val_loss,learning_rate,elapsed_sec,lstm1_units,lstm2_units,dropout,batch_size
default,0,1.659186,0.762771,0.0005,95.70,64,32,0.2,32
default,8,0.901985,0.565521,0.0005,863.24,64,32,0.3,32
default,1,1.135210,0.659160,0.0005,193.45,64,32,0.2,32
default,9,0.887778,0.570235,0.0005,961.75,64,32,0.3,32
default,2,1.032814,0.617414,0.0005,292.87,64,32,0.2,32
default,10,0.872922,0.547315,0.0005,1063.15,64,32,0.3,32
default,3,0.954111,0.582360,0.0005,392.80,64,32,0.2,32
default,11,0.868597,0.541957,0.0005,1164.18,64,32,0.3,32
default,4,0.902809,0.558418,0.0005,493.01,64,32,0.2,32
default,12,0.847541,0.535341,0.0005,1264.27,64,32,0.3,32
default,5,0.851918,0.537472,0.0005,595.56,64,32,0.2,32
default,13,0.834843,0.522958,0.0005,1369.02,64,32,0.3,32
default,6,0.821184,0.511931,0.0005,699.79,64,32,0.2,32
default,14,0.827818,0.513220,0.0005,1469.43,64,32,0.3,32
default,7,0.798642,0.509787,0.0005,794.38,64,32,0.2,32
default,15,0.817358,0.527904,0.0005,1539.25,64,32,0.3,32
default,16,0.806301,0.492381,0.0005,1599.61,64,32,0.3,32
default,8,0.771755,0.494566,0.0005,892.97,64,32,0.2,32
default,17,0.799753,0.490591,0.0005,1659.03,64,32,0.3,32
default,18,0.791514,0.508891,0.0005,1717.68,64,32,0.3,32
default,9,0.766120,0.489053,0.0005,990.65,64,32,0.2,32
default,19,0.787871,0.489300,0.0005,1778.01,64,32,0.3,32
default,10,0.754400,0.473443,0.0005,1089.08,64,32,0.2,32
default,20,0.782722,0.480191,0.0005,1837.81,64,32,0.3,32
default,21,0.771864,0.483860,0.0005,1898.49,64,32,0.3,32
default,11,0.748171,0.477460,0.0005,1190.65,64,32,0.2,32
default,22,0.768421,0.479194,0.0005,1963.65,64,32,0.3,32
default,23,0.766492,0.471418,0.0005,2023.91,64,32,0.3,32
default,12,0.737200,0.462817,0.0005,1289.82,64,32,0.2,32
default,24,0.763242,0.478593,0.0005,2083.41,64,32,0.3,32
default,13,0.720277,0.477425,0.0005,1387.50,64,32,0.2,32
default,25,0.754131,0.478221,0.0005,2142.63,64,32,0.3,32
default,26,0.764701,0.498085,0.0005,2204.30,64,32,0.3,32
default,14,0.722511,0.495179,0.0005,1485.25,64,32,0.2,32
default,27,0.750423,0.469863,0.0005,2277.30,64,32,0.3,32
default,15,0.711056,0.461248,0.0005,1555.33,64,32,0.2,32
default,28,0.745153,0.465912,0.0005,2382.58,64,32,0.3,32
default,16,0.713998,0.465283,0.0005,1645.96,64,32,0.2,32
default,17,0.707245,0.455766,0.0005,1730.67,64,32,0.2,32
default,29,0.746260,0.461858,0.0005,2478.81,64,32,0.3,32
default,18,0.700186,0.463734,0.0005,1795.25,64,32,0.2,32
default,30,0.742617,0.472760,0.0005,2569.19,64,32,0.3,32
default,19,0.695225,0.447861,0.0005,1881.92,64,32,0.2,32
default,31,0.753519,0.459966,0.0005,2668.16,64,32,0.3,32
default,20,0.687131,0.447316,0.0005,1981.09,64,32,0.2,32
default,32,0.741626,0.466920,0.0005,2769.26,64,32,0.3,32
default,21,0.688544,0.462094,0.0005,2082.01,64,32,0.2,32
default,33,0.744991,0.457412,0.0005,2869.32,64,32,0.3,32
default,22,0.687726,0.455941,0.0005,2184.02,64,32,0.2,32
default,34,0.738000,0.468634,0.0005,2961.61,64,32,0.3,32
default,23,0.686643,0.457282,0.0005,2279.81,64,32,0.2,32
default,35,0.734751,0.451824,0.0005,3065.56,64,32,0.3,32
default,24,0.679924,0.444513,0.0005,2383.19,64,32,0.2,32
default,36,0.731213,0.474824,0.0005,3169.18,64,32,0.3,32
default,25,0.675470,0.442211,0.0005,2481.80,64,32,0.2,32
default,37,0.736986,0.451517,0.0005,3271.87,64,32,0.3,32
default,26,0.675040,0.450941,0.0005,2577.63,64,32,0.2,32
default,38,0.733038,0.456755,0.0005,3371.87,64,32,0.3,32
default,27,0.682981,0.458980,0.0005,2666.44,64,32,0.2,32
default,39,0.735449,0.464491,0.0005,3480.89,64,32,0.3,32
default,28,0.674538,0.442163,0.0005,2772.41,64,32,0.2,32
default,40,0.725834,0.452592,0.0005,3584.66,64,32,0.3,32
default,29,0.672682,0.441927,0.0005,2873.20,64,32,0.2,32
default,41,0.732532,0.452286,0.0005,3682.75,64,32,0.3,32
default,30,0.673697,0.436636,0.0005,2971.99,64,32,0.2,32
default,42,0.731291,0.460764,0.0005,3781.28,64,32,0.3,32
default,31,0.659963,0.437052,0.0005,3068.24,64,32,0.2,32
default,43,0.721661,0.467451,0.0005,3874.26,64,32,0.3,32
default,32,0.662082,0.434240,0.0005,3170.12,64,32,0.2,32
default,44,0.720971,0.461037,0.0005,3977.68,64,32,0.3,32
default,33,0.664051,0.447742,0.0005,3263.00,64,32,0.2,32
default,45,0.718236,0.450587,0.0005,4078.62,64,32,0.3,32
default,34,0.657118,0.438468,0.0005,3339.42,64,32,0.2,32
default,46,0.721337,0.455100,0.0005,4176.45,64,32,0.3,32
default,35,0.659437,0.439048,0.0005,3438.95,64,32,0.2,32
default,36,0.649629,0.441291,0.0005,3529.89,64,32,0.2,32
default,47,0.725514,0.447348,0.0005,4276.98,64,32,0.3,32
default,37,0.654263,0.449599,0.0005,3630.82,64,32,0.2,32
default,48,0.713462,0.439845,0.0005,4379.37,64,32,0.3,32
default,38,0.645927,0.418020,0.0005,3734.07,64,32,0.2,32
default,49,0.709754,0.439623,0.0005,4483.86,64,32,0.3,32
default,39,0.642575,0.446816,0.0005,3831.47,64,32,0.2,32
default,50,0.711566,0.449997,0.0005,4581.95,64,32,0.3,32
default,40,0.640315,0.452184,0.0005,3930.04,64,32,0.2,32
default,51,0.724697,0.451663,0.0005,4671.05,64,32,0.3,32
default,41,0.643644,0.457402,0.0005,4032.73,64,32,0.2,32
default,52,0.711884,0.444253,0.0005,4776.05,64,32,0.3,32
default,42,0.638668,0.443516,0.0005,4136.44,64,32,0.2,32
default,53,0.715840,0.451599,0.0005,4884.23,64,32,0.3,32
default,43,0.632428,0.424472,0.0005,4238.55,64,32,0.2,32
default,54,0.716157,0.444427,0.0005,4987.26,64,32,0.3,32
default,44,0.637404,0.472034,0.0005,4335.64,64,32,0.2,32
default,55,0.706083,0.437999,0.0005,5085.73,64,32,0.3,32
default,45,0.633212,0.424738,0.0005,4436.64,64,32,0.2,32
default,56,0.708188,0.448829,0.0005,5186.24,64,32,0.3,32
default,46,0.630924,0.429678,0.0005,4513.52,64,32,0.2,32
default,57,0.704269,0.451963,0.0005,5280.51,64,32,0.3,32
default,47,0.637862,0.439120,0.0005,4613.93,64,32,0.2,32
default,58,0.703905,0.442321,0.0005,5382.15,64,32,0.3,32
default,48,0.631177,0.432026,0.0005,4703.10,64,32,0.2,32
default,59,0.710826,0.456976,0.0005,5475.10,64,32,0.3,32
default,60,0.697677,0.458318,0.0005,5561.49,64,32,0.3,32
default,61,0.716084,0.452990,0.0005,5631.59,64,32,0.3,32
default,62,0.689633,0.441381,0.0005,5731.24,64,32,0.3,32
default,63,0.692011,0.446137,0.0005,5829.97,64,32,0.3,32
default,64,0.695705,0.444029,0.0005,5929.52,64,32,0.3,32
default,65,0.702541,0.455196,0.0005,6033.31,64,32,0.3,32
default,66,0.695578,0.447734,0.0005,6130.35,64,32,0.3,32
default,67,0.702891,0.457044,0.0005,6214.08,64,32,0.3,32
default,68,0.692940,0.456864,0.0005,6291.51,64,32,0.3,32
default,69,0.700557,0.438943,0.0005,6361.35,64,32,0.3,32
default,70,0.697841,0.440786,0.0005,6431.13,64,32,0.3,32
default,71,0.697608,0.442240,0.0005,6492.63,64,32,0.3,32
default,72,0.694230,0.445579,0.0005,6560.87,64,32,0.3,32
default,73,0.690084,0.441205,0.0005,6649.65,64,32,0.3,32
default,74,0.691291,0.431763,0.0005,6708.67,64,32,0.3,32
default,75,0.688054,0.443101,0.0005,6767.70,64,32,0.3,32
default,76,0.695545,0.439003,0.0005,6861.12,64,32,0.3,32
default,77,0.694135,0.445162,0.0005,6952.44,64,32,0.3,32
default,78,0.684432,0.441466,0.0005,7050.45,64,32,0.3,32
default,79,0.687660,0.446966,0.0005,7148.23,64,32,0.3,32
default,80,0.685490,0.447935,0.0005,7234.98,64,32,0.3,32
default,81,0.693861,0.437258,0.0005,7333.60,64,32,0.3,32
default,82,0.687617,0.436108,0.0005,7432.38,64,32,0.3,32
default,83,0.685203,0.451576,0.0005,7529.38,64,32,0.3,32
default,84,0.683532,0.432432,0.0005,7626.04,64,32,0.3,32
default,85,0.680087,0.441186,0.0005,7722.66,64,32,0.3,32
default,86,0.679243,0.440842,0.0005,7820.68,64,32,0.3,32
default,87,0.689044,0.436930,0.0005,7917.69,64,32,0.3,32
default,88,0.687357,0.434938,0.0005,8016.52,64,32,0.3,32
default,89,0.686801,0.449062,0.0005,8114.62,64,32,0.3,32
default,90,0.673359,0.444521,0.0005,8211.44,64,32,0.3,32
default,91,0.678989,0.439772,0.0005,8307.42,64,32,0.3,32
default,92,0.675693,0.429256,0.0005,8404.61,64,32,0.3,32
default,93,0.683076,0.437887,0.0005,8500.35,64,32,0.3,32
default,94,0.683750,0.446285,0.0005,8596.98,64,32,0.3,32
default,95,0.679471,0.450317,0.0005,8693.42,64,32,0.3,32
default,96,0.680368,0.446052,0.0005,8790.85,64,32,0.3,32
default,97,0.675243,0.433433,0.0005,8887.41,64,32,0.3,32
default,98,0.679178,0.444489,0.0005,8987.08,64,32,0.3,32
default,99,0.675416,0.444627,0.0005,9086.55,64,32,0.3,32
default,100,0.685799,0.439517,0.0005,9184.99,64,32,0.3,32
default,101,0.680152,0.448585,0.0005,9273.86,64,32,0.3,32
default,102,0.680969,0.432314,0.0005,9352.96,64,32,0.3,32
default,103,0.686926,0.435315,0.0005,9442.15,64,32,0.3,32
default,104,0.669398,0.438934,0.0005,9544.68,64,32,0.3,32
default,105,0.678790,0.433879,0.0005,9648.89,64,32,0.3,32
default,106,0.681722,0.427958,0.0005,9748.55,64,32,0.3,32
default,107,0.680239,0.433126,0.0005,9847.23,64,32,0.3,32
default,108,0.674840,0.435751,0.0005,9948.84,64,32,0.3,32
default,109,0.676284,0.441418,0.0005,10046.90,64,32,0.3,32
default,110,0.675812,0.431287,0.0005,10144.70,64,32,0.3,32
default,111,0.668778,0.441603,0.0005,10243.75,64,32,0.3,32
default,112,0.680880,0.471464,0.0005,10342.05,64,32,0.3,32
default,113,0.664389,0.438995,0.0005,10438.78,64,32,0.3,32
default,114,0.681160,0.441866,0.0005,10535.23,64,32,0.3,32
default,115,0.676613,0.438477,0.0005,10633.59,64,32,0.3,32
default,116,0.680262,0.439141,0.0005,10732.48,64,32,0.3,32
default,117,0.666087,0.444465,0.0005,10829.76,64,32,0.3,32
default,118,0.671134,0.440328,0.0005,10928.09,64,32,0.3,32
default,119,0.667818,0.443448,0.0005,11025.97,64,32,0.3,32
