estimator,division,metric,group,count,mean,sd,mae,rmse,medianAbs,p75Abs,p90Abs,p95Abs,min,max,impliedObservationSigma,impliedNormalMae,note
adjacent_show_delta,Open Class,GE1,all,2010,0.27847,0.865296,0.632823,0.908796,0.4,0.85,1.4,1.8,-5.6,4.3,0.611856,0.488191,Consecutive same-corps show deltas. This is an upper-bound volatility proxy because it includes real improvement and panel/show-context changes.
adjacent_show_delta,Open Class,GE1,gap<=14d,1944,0.218634,0.798132,0.585018,0.827337,0.4,0.8,1.25,1.6,-5.6,3.9,0.564364,0.450297,Consecutive same-corps show deltas. This is an upper-bound volatility proxy because it includes real improvement and panel/show-context changes.
adjacent_show_delta,Open Class,GE1,gap<=3d,1632,0.128171,0.755191,0.531817,0.765762,0.4,0.7,1.1,1.5,-5.6,2.6,0.534,0.426071,Consecutive same-corps show deltas. This is an upper-bound volatility proxy because it includes real improvement and panel/show-context changes.
adjacent_show_delta,Open Class,GE1,gap<=7d,1840,0.17928,0.775605,0.559198,0.795851,0.4,0.8,1.2,1.6,-5.6,3.6,0.548436,0.437588,Consecutive same-corps show deltas. This is an upper-bound volatility proxy because it includes real improvement and panel/show-context changes.
adjacent_show_delta,Open Class,GE2,all,2010,0.264266,0.833241,0.597699,0.873946,0.4,0.8,1.4,1.9,-4.35,5.1,0.58919,0.470106,Consecutive same-corps show deltas. This is an upper-bound volatility proxy because it includes real improvement and panel/show-context changes.
adjacent_show_delta,Open Class,GE2,gap<=14d,1944,0.206983,0.769069,0.55153,0.796244,0.4,0.7,1.2,1.6,-4.35,4.4,0.543814,0.433901,Consecutive same-corps show deltas. This is an upper-bound volatility proxy because it includes real improvement and panel/show-context changes.
adjacent_show_delta,Open Class,GE2,gap<=3d,1632,0.116039,0.677655,0.481173,0.687313,0.3,0.65,1.0975,1.3,-4.35,3,0.479174,0.382326,Consecutive same-corps show deltas. This is an upper-bound volatility proxy because it includes real improvement and panel/show-context changes.
adjacent_show_delta,Open Class,GE2,gap<=7d,1840,0.158084,0.720893,0.513736,0.737831,0.4,0.7,1.1,1.5,-4.35,3.7,0.509748,0.40672,Consecutive same-corps show deltas. This is an upper-bound volatility proxy because it includes real improvement and panel/show-context changes.
adjacent_show_delta,Open Class,VP,all,2010,0.292736,0.791298,0.591542,0.843525,0.4,0.8,1.3,1.8,-4,4.8,0.559532,0.446442,Consecutive same-corps show deltas. This is an upper-bound volatility proxy because it includes real improvement and panel/show-context changes.
adjacent_show_delta,Open Class,VP,gap<=14d,1944,0.241255,0.733149,0.550103,0.771644,0.4,0.8,1.2,1.6,-4,3.5,0.518414,0.413635,Consecutive same-corps show deltas. This is an upper-bound volatility proxy because it includes real improvement and panel/show-context changes.
adjacent_show_delta,Open Class,VP,gap<=3d,1632,0.146752,0.675673,0.489522,0.691224,0.4,0.7,1,1.4,-4,3,0.477773,0.381208,Consecutive same-corps show deltas. This is an upper-bound volatility proxy because it includes real improvement and panel/show-context changes.
adjacent_show_delta,Open Class,VP,gap<=7d,1840,0.197663,0.693175,0.516793,0.720626,0.4,0.7,1.1,1.5,-4,3,0.490149,0.391082,Consecutive same-corps show deltas. This is an upper-bound volatility proxy because it includes real improvement and panel/show-context changes.
adjacent_show_delta,Open Class,VA,all,2010,0.294751,0.86141,0.621517,0.91024,0.4,0.8,1.4,1.9,-4.9,4.5,0.609109,0.485998,Consecutive same-corps show deltas. This is an upper-bound volatility proxy because it includes real improvement and panel/show-context changes.
adjacent_show_delta,Open Class,VA,gap<=14d,1944,0.240818,0.802764,0.577032,0.83791,0.4,0.8,1.3,1.7,-4.9,4.5,0.56764,0.452911,Consecutive same-corps show deltas. This is an upper-bound volatility proxy because it includes real improvement and panel/show-context changes.
adjacent_show_delta,Open Class,VA,gap<=3d,1632,0.146354,0.735864,0.515472,0.750056,0.4,0.7,1.1,1.5,-4.9,3.6,0.520335,0.415167,Consecutive same-corps show deltas. This is an upper-bound volatility proxy because it includes real improvement and panel/show-context changes.
adjacent_show_delta,Open Class,VA,gap<=7d,1840,0.196929,0.767491,0.545516,0.792152,0.4,0.7,1.2,1.5,-4.9,3.9,0.542698,0.433011,Consecutive same-corps show deltas. This is an upper-bound volatility proxy because it includes real improvement and panel/show-context changes.
adjacent_show_delta,Open Class,CG,all,2010,0.294662,0.873253,0.632303,0.921421,0.4,0.8,1.405,1.9,-4.1,5.2,0.617483,0.49268,Consecutive same-corps show deltas. This is an upper-bound volatility proxy because it includes real improvement and panel/show-context changes.
adjacent_show_delta,Open Class,CG,gap<=14d,1944,0.244738,0.810893,0.590036,0.846821,0.4,0.8,1.3,1.8,-4.1,3.8,0.573388,0.457498,Consecutive same-corps show deltas. This is an upper-bound volatility proxy because it includes real improvement and panel/show-context changes.
adjacent_show_delta,Open Class,CG,gap<=3d,1632,0.138952,0.728143,0.510925,0.741064,0.3,0.7,1.1,1.4,-4.1,3,0.514875,0.410811,Consecutive same-corps show deltas. This is an upper-bound volatility proxy because it includes real improvement and panel/show-context changes.
adjacent_show_delta,Open Class,CG,gap<=7d,1840,0.193625,0.769138,0.551592,0.792932,0.4,0.7,1.2,1.7,-4.1,3.7,0.543862,0.433939,Consecutive same-corps show deltas. This is an upper-bound volatility proxy because it includes real improvement and panel/show-context changes.
adjacent_show_delta,Open Class,MB,all,2010,0.280945,0.735639,0.56995,0.78729,0.4,0.8,1.2,1.6,-3.5,5.3,0.520175,0.41504,Consecutive same-corps show deltas. This is an upper-bound volatility proxy because it includes real improvement and panel/show-context changes.
adjacent_show_delta,Open Class,MB,gap<=14d,1944,0.232047,0.674792,0.52963,0.713411,0.4,0.7,1.1,1.4,-3.5,3.4,0.47715,0.380711,Consecutive same-corps show deltas. This is an upper-bound volatility proxy because it includes real improvement and panel/show-context changes.
adjacent_show_delta,Open Class,MB,gap<=3d,1632,0.155944,0.618101,0.473897,0.637286,0.3,0.7,1,1.2,-3.5,2.8,0.437064,0.348726,Consecutive same-corps show deltas. This is an upper-bound volatility proxy because it includes real improvement and panel/show-context changes.
adjacent_show_delta,Open Class,MB,gap<=7d,1840,0.194728,0.641089,0.502391,0.669843,0.4,0.7,1.1,1.3,-3.5,2.8,0.453318,0.361695,Consecutive same-corps show deltas. This is an upper-bound volatility proxy because it includes real improvement and panel/show-context changes.
adjacent_show_delta,Open Class,MA,all,2010,0.25398,0.799886,0.59495,0.83905,0.4,0.8,1.305,1.7275,-4.3,4.1,0.565605,0.451287,Consecutive same-corps show deltas. This is an upper-bound volatility proxy because it includes real improvement and panel/show-context changes.
adjacent_show_delta,Open Class,MA,gap<=14d,1944,0.204295,0.743597,0.554578,0.770966,0.4,0.75,1.2,1.6,-4.3,3.3,0.525803,0.41953,Consecutive same-corps show deltas. This is an upper-bound volatility proxy because it includes real improvement and panel/show-context changes.
adjacent_show_delta,Open Class,MA,gap<=3d,1632,0.124602,0.702298,0.507721,0.713053,0.4,0.7,1.1,1.4,-4.3,3.3,0.496599,0.396229,Consecutive same-corps show deltas. This is an upper-bound volatility proxy because it includes real improvement and panel/show-context changes.
adjacent_show_delta,Open Class,MA,gap<=7d,1840,0.164022,0.708487,0.521495,0.727038,0.4,0.7,1.1,1.4025,-4.3,3.3,0.500976,0.399721,Consecutive same-corps show deltas. This is an upper-bound volatility proxy because it includes real improvement and panel/show-context changes.
adjacent_show_delta,Open Class,MP,all,2010,0.271704,0.818152,0.613943,0.861895,0.4,0.8,1.5,1.8,-4.1,3.7,0.578521,0.461593,Consecutive same-corps show deltas. This is an upper-bound volatility proxy because it includes real improvement and panel/show-context changes.
adjacent_show_delta,Open Class,MP,gap<=14d,1944,0.220152,0.768089,0.573392,0.798827,0.4,0.8,1.3,1.7,-4.1,3.7,0.543121,0.433348,Consecutive same-corps show deltas. This is an upper-bound volatility proxy because it includes real improvement and panel/show-context changes.
adjacent_show_delta,Open Class,MP,gap<=3d,1632,0.12739,0.706099,0.511581,0.717286,0.4,0.7,1.1,1.5,-4.1,2.8,0.499288,0.398374,Consecutive same-corps show deltas. This is an upper-bound volatility proxy because it includes real improvement and panel/show-context changes.
adjacent_show_delta,Open Class,MP,gap<=7d,1840,0.178139,0.729167,0.540693,0.750419,0.4,0.7,1.2,1.6,-4.1,2.8,0.515599,0.411389,Consecutive same-corps show deltas. This is an upper-bound volatility proxy because it includes real improvement and panel/show-context changes.
adjacent_show_delta,Open Class,TOTAL,all,2010,1.387129,2.934877,2.108921,3.245512,1.45,2.5,4.3038,7.1275,-20.05,14.5,2.075272,1.655827,Consecutive same-corps show deltas. This is an upper-bound volatility proxy because it includes real improvement and panel/show-context changes.
adjacent_show_delta,Open Class,TOTAL,gap<=14d,1944,1.117273,2.530704,1.86357,2.765767,1.4,2.3,3.6925,4.97125,-20.05,11.75,1.789478,1.427797,Consecutive same-corps show deltas. This is an upper-bound volatility proxy because it includes real improvement and panel/show-context changes.
adjacent_show_delta,Open Class,TOTAL,gap<=3d,1632,0.66421,2.195447,1.506154,2.293079,1.225,2,2.8,3.4,-20.05,5.75,1.552416,1.238648,Consecutive same-corps show deltas. This is an upper-bound volatility proxy because it includes real improvement and panel/show-context changes.
adjacent_show_delta,Open Class,TOTAL,gap<=7d,1840,0.899921,2.328295,1.681009,2.49557,1.3,2.15,3.25,4.1525,-20.05,11.1,1.646353,1.3136,Consecutive same-corps show deltas. This is an upper-bound volatility proxy because it includes real improvement and panel/show-context changes.
adjacent_show_delta,World Class,GE1,all,4847,0.194718,0.436348,0.351712,0.477782,0.3,0.5,0.75,0.9675,-2,2.7,0.308544,0.246183,Consecutive same-corps show deltas. This is an upper-bound volatility proxy because it includes real improvement and panel/show-context changes.
adjacent_show_delta,World Class,GE1,gap<=14d,4840,0.192624,0.432722,0.349845,0.473618,0.3,0.5,0.75,0.9025,-2,2.7,0.305981,0.244138,Consecutive same-corps show deltas. This is an upper-bound volatility proxy because it includes real improvement and panel/show-context changes.
adjacent_show_delta,World Class,GE1,gap<=3d,4253,0.155102,0.389395,0.317823,0.419105,0.25,0.45,0.7,0.85,-2,2,0.275344,0.219692,Consecutive same-corps show deltas. This is an upper-bound volatility proxy because it includes real improvement and panel/show-context changes.
adjacent_show_delta,World Class,GE1,gap<=7d,4784,0.180529,0.414698,0.339465,0.452249,0.3,0.5,0.7,0.9,-2,2.4,0.293236,0.233968,Consecutive same-corps show deltas. This is an upper-bound volatility proxy because it includes real improvement and panel/show-context changes.
adjacent_show_delta,World Class,GE2,all,4847,0.191974,0.446266,0.357128,0.485764,0.3,0.5,0.8,1,-1.9,3.1,0.315558,0.251779,Consecutive same-corps show deltas. This is an upper-bound volatility proxy because it includes real improvement and panel/show-context changes.
adjacent_show_delta,World Class,GE2,gap<=14d,4840,0.190165,0.443299,0.355558,0.482324,0.3,0.5,0.8,1,-1.9,3.1,0.31346,0.250105,Consecutive same-corps show deltas. This is an upper-bound volatility proxy because it includes real improvement and panel/show-context changes.
adjacent_show_delta,World Class,GE2,gap<=3d,4253,0.156654,0.412939,0.33052,0.44161,0.25,0.5,0.7,0.9,-1.9,2.7,0.291992,0.232976,Consecutive same-corps show deltas. This is an upper-bound volatility proxy because it includes real improvement and panel/show-context changes.
adjacent_show_delta,World Class,GE2,gap<=7d,4784,0.180675,0.425043,0.345955,0.461809,0.3,0.5,0.75,0.95,-1.9,2.7,0.300551,0.239805,Consecutive same-corps show deltas. This is an upper-bound volatility proxy because it includes real improvement and panel/show-context changes.
adjacent_show_delta,World Class,VP,all,4847,0.196596,0.467422,0.377553,0.507038,0.3,0.5,0.8,1,-2.1,2.9,0.330517,0.263714,Consecutive same-corps show deltas. This is an upper-bound volatility proxy because it includes real improvement and panel/show-context changes.
adjacent_show_delta,World Class,VP,gap<=14d,4840,0.195103,0.465306,0.376322,0.50451,0.3,0.5,0.8,1,-2.1,2.9,0.329021,0.262521,Consecutive same-corps show deltas. This is an upper-bound volatility proxy because it includes real improvement and panel/show-context changes.
adjacent_show_delta,World Class,VP,gap<=3d,4253,0.153268,0.428554,0.34391,0.455089,0.3,0.5,0.7,0.9,-2.1,2.2,0.303033,0.241785,Consecutive same-corps show deltas. This is an upper-bound volatility proxy because it includes real improvement and panel/show-context changes.
adjacent_show_delta,World Class,VP,gap<=7d,4784,0.184082,0.449268,0.36667,0.485475,0.3,0.5,0.8,1,-2.1,2.5,0.317681,0.253473,Consecutive same-corps show deltas. This is an upper-bound volatility proxy because it includes real improvement and panel/show-context changes.
adjacent_show_delta,World Class,VA,all,4847,0.199329,0.491419,0.385857,0.53026,0.3,0.5,0.8,1.1,-2.5,3.4,0.347486,0.277254,Consecutive same-corps show deltas. This is an upper-bound volatility proxy because it includes real improvement and panel/show-context changes.
adjacent_show_delta,World Class,VA,gap<=14d,4840,0.197448,0.489036,0.384246,0.527345,0.3,0.5,0.8,1.1,-2.5,3.4,0.345801,0.275909,Consecutive same-corps show deltas. This is an upper-bound volatility proxy because it includes real improvement and panel/show-context changes.
adjacent_show_delta,World Class,VA,gap<=3d,4253,0.154009,0.440029,0.348789,0.466153,0.3,0.5,0.7,0.95,-2.5,2,0.311147,0.24826,Consecutive same-corps show deltas. This is an upper-bound volatility proxy because it includes real improvement and panel/show-context changes.
adjacent_show_delta,World Class,VA,gap<=7d,4784,0.187051,0.47248,0.374279,0.508113,0.3,0.5,0.8,1,-2.5,3.4,0.334094,0.266568,Consecutive same-corps show deltas. This is an upper-bound volatility proxy because it includes real improvement and panel/show-context changes.
adjacent_show_delta,World Class,CG,all,4847,0.202919,0.478127,0.375438,0.51936,0.3,0.5,0.8,1,-2.4,3.2,0.338087,0.269754,Consecutive same-corps show deltas. This is an upper-bound volatility proxy because it includes real improvement and panel/show-context changes.
adjacent_show_delta,World Class,CG,gap<=14d,4840,0.200176,0.472543,0.372944,0.513148,0.3,0.5,0.8,1,-2.4,3.2,0.334138,0.266604,Consecutive same-corps show deltas. This is an upper-bound volatility proxy because it includes real improvement and panel/show-context changes.
adjacent_show_delta,World Class,CG,gap<=3d,4253,0.161157,0.425676,0.339407,0.455114,0.3,0.5,0.7,0.9,-2.4,2.5,0.300998,0.240162,Consecutive same-corps show deltas. This is an upper-bound volatility proxy because it includes real improvement and panel/show-context changes.
adjacent_show_delta,World Class,CG,gap<=7d,4784,0.187051,0.449696,0.361549,0.487003,0.3,0.5,0.8,1,-2.4,2.6,0.317983,0.253714,Consecutive same-corps show deltas. This is an upper-bound volatility proxy because it includes real improvement and panel/show-context changes.
adjacent_show_delta,World Class,MB,all,4847,0.203776,0.44632,0.362575,0.490597,0.3,0.5,0.8,1,-1.7,3.2,0.315596,0.251809,Consecutive same-corps show deltas. This is an upper-bound volatility proxy because it includes real improvement and panel/show-context changes.
adjacent_show_delta,World Class,MB,gap<=14d,4840,0.202211,0.444269,0.36124,0.488081,0.3,0.5,0.8,1,-1.7,3.2,0.314145,0.250652,Consecutive same-corps show deltas. This is an upper-bound volatility proxy because it includes real improvement and panel/show-context changes.
adjacent_show_delta,World Class,MB,gap<=3d,4253,0.166976,0.397953,0.327051,0.431521,0.3,0.5,0.7,0.9,-1.7,3.1,0.281395,0.224521,Consecutive same-corps show deltas. This is an upper-bound volatility proxy because it includes real improvement and panel/show-context changes.
adjacent_show_delta,World Class,MB,gap<=7d,4784,0.191231,0.426584,0.351118,0.467445,0.3,0.5,0.8,1,-1.7,3.1,0.30164,0.240674,Consecutive same-corps show deltas. This is an upper-bound volatility proxy because it includes real improvement and panel/show-context changes.
adjacent_show_delta,World Class,MA,all,4847,0.196983,0.479328,0.376836,0.51818,0.3,0.5,0.8,1.05,-2.9,3.1,0.338936,0.270432,Consecutive same-corps show deltas. This is an upper-bound volatility proxy because it includes real improvement and panel/show-context changes.
adjacent_show_delta,World Class,MA,gap<=14d,4840,0.195181,0.477174,0.375294,0.515504,0.3,0.5,0.8,1.00125,-2.9,3.1,0.337413,0.269217,Consecutive same-corps show deltas. This is an upper-bound volatility proxy because it includes real improvement and panel/show-context changes.
adjacent_show_delta,World Class,MA,gap<=3d,4253,0.150652,0.431301,0.342717,0.456807,0.3,0.5,0.7,0.9,-2.9,2,0.304976,0.243335,Consecutive same-corps show deltas. This is an upper-bound volatility proxy because it includes real improvement and panel/show-context changes.
adjacent_show_delta,World Class,MA,gap<=7d,4784,0.183178,0.46033,0.365275,0.495392,0.3,0.5,0.8,1,-2.9,3,0.325502,0.259713,Consecutive same-corps show deltas. This is an upper-bound volatility proxy because it includes real improvement and panel/show-context changes.
adjacent_show_delta,World Class,MP,all,4847,0.195832,0.556958,0.433536,0.59033,0.3,0.6,0.9,1.2,-3.7,3.7,0.393829,0.31423,Consecutive same-corps show deltas. This is an upper-bound volatility proxy because it includes real improvement and panel/show-context changes.
adjacent_show_delta,World Class,MP,gap<=14d,4840,0.193574,0.554047,0.431622,0.586835,0.3,0.6,0.9,1.2,-3.7,3.7,0.39177,0.312587,Consecutive same-corps show deltas. This is an upper-bound volatility proxy because it includes real improvement and panel/show-context changes.
adjacent_show_delta,World Class,MP,gap<=3d,4253,0.160951,0.514082,0.401534,0.538631,0.3,0.6,0.8,1.1,-3.7,3.1,0.363511,0.290039,Consecutive same-corps show deltas. This is an upper-bound volatility proxy because it includes real improvement and panel/show-context changes.
adjacent_show_delta,World Class,MP,gap<=7d,4784,0.185138,0.543224,0.423986,0.573852,0.3,0.6,0.9,1.2,-3.7,3.7,0.384117,0.306481,Consecutive same-corps show deltas. This is an upper-bound volatility proxy because it includes real improvement and panel/show-context changes.
adjacent_show_delta,World Class,TOTAL,all,4847,0.984415,1.266793,1.172498,1.604215,0.95,1.55,2.3428,3.0175,-4.3,11.3,0.895758,0.714711,Consecutive same-corps show deltas. This is an upper-bound volatility proxy because it includes real improvement and panel/show-context changes.
adjacent_show_delta,World Class,TOTAL,gap<=14d,4840,0.97464,1.239913,1.162996,1.577019,0.95,1.55,2.3133,3,-4.3,11.3,0.876751,0.699546,Consecutive same-corps show deltas. This is an upper-bound volatility proxy because it includes real improvement and panel/show-context changes.
adjacent_show_delta,World Class,TOTAL,gap<=3d,4253,0.785264,0.950728,0.984809,1.233009,0.85,1.4,2,2.35,-4.3,5.3,0.672266,0.536391,Consecutive same-corps show deltas. This is an upper-bound volatility proxy because it includes real improvement and panel/show-context changes.
adjacent_show_delta,World Class,TOTAL,gap<=7d,4784,0.920074,1.101408,1.109798,1.435055,0.925,1.525,2.25,2.8,-4.3,8.9,0.778813,0.621403,Consecutive same-corps show deltas. This is an upper-bound volatility proxy because it includes real improvement and panel/show-context changes.
centered_interpolation_oracle,Open Class,GE1,all,1787,0.015599,0.571704,0.416517,0.571756,0.314187,0.566667,0.933333,1.2,-3,2.85,,,"Post-hoc linear interpolation between previous and next shows. This uses future data, so it is an optimistic smooth-trajectory residual proxy rather than a deployable model."
centered_interpolation_oracle,Open Class,GE1,surrounding_gap<=14d,1614,0.021774,0.562073,0.409825,0.562321,0.301342,0.566667,0.912727,1.15,-3,2.85,,,"Post-hoc linear interpolation between previous and next shows. This uses future data, so it is an optimistic smooth-trajectory residual proxy rather than a deployable model."
centered_interpolation_oracle,Open Class,GE1,surrounding_gap<=21d,1741,0.016205,0.572745,0.416535,0.572809,0.313636,0.566667,0.933333,1.2,-3,2.85,,,"Post-hoc linear interpolation between previous and next shows. This uses future data, so it is an optimistic smooth-trajectory residual proxy rather than a deployable model."
centered_interpolation_oracle,Open Class,GE1,surrounding_gap<=7d,1405,0.030387,0.548234,0.402055,0.548881,0.3,0.55,0.9,1.124,-3,2.85,,,"Post-hoc linear interpolation between previous and next shows. This uses future data, so it is an optimistic smooth-trajectory residual proxy rather than a deployable model."
centered_interpolation_oracle,Open Class,GE2,all,1787,0.017977,0.542548,0.385862,0.542694,0.28,0.512143,0.866667,1.141167,-3.516667,4.121429,,,"Post-hoc linear interpolation between previous and next shows. This uses future data, so it is an optimistic smooth-trajectory residual proxy rather than a deployable model."
centered_interpolation_oracle,Open Class,GE2,surrounding_gap<=14d,1614,0.027509,0.528166,0.375805,0.528719,0.273611,0.5,0.85,1.1,-3.516667,4.121429,,,"Post-hoc linear interpolation between previous and next shows. This uses future data, so it is an optimistic smooth-trajectory residual proxy rather than a deployable model."
centered_interpolation_oracle,Open Class,GE2,surrounding_gap<=21d,1741,0.021307,0.537638,0.383571,0.537906,0.28,0.5,0.866667,1.133333,-3.516667,4.121429,,,"Post-hoc linear interpolation between previous and next shows. This uses future data, so it is an optimistic smooth-trajectory residual proxy rather than a deployable model."
centered_interpolation_oracle,Open Class,GE2,surrounding_gap<=7d,1405,0.036677,0.502434,0.362664,0.503592,0.266667,0.5,0.815714,1.05,-3.516667,2.842857,,,"Post-hoc linear interpolation between previous and next shows. This uses future data, so it is an optimistic smooth-trajectory residual proxy rather than a deployable model."
centered_interpolation_oracle,Open Class,VP,all,1787,0.01103,0.528114,0.38188,0.528082,0.276923,0.5,0.84,1.133333,-2.9,2.710526,,,"Post-hoc linear interpolation between previous and next shows. This uses future data, so it is an optimistic smooth-trajectory residual proxy rather than a deployable model."
centered_interpolation_oracle,Open Class,VP,surrounding_gap<=14d,1614,0.020828,0.523358,0.378332,0.52361,0.271429,0.5,0.833333,1.133333,-2.9,2.633333,,,"Post-hoc linear interpolation between previous and next shows. This uses future data, so it is an optimistic smooth-trajectory residual proxy rather than a deployable model."
centered_interpolation_oracle,Open Class,VP,surrounding_gap<=21d,1741,0.013114,0.528893,0.381445,0.528904,0.275,0.5,0.833333,1.133333,-2.9,2.710526,,,"Post-hoc linear interpolation between previous and next shows. This uses future data, so it is an optimistic smooth-trajectory residual proxy rather than a deployable model."
centered_interpolation_oracle,Open Class,VP,surrounding_gap<=7d,1405,0.023228,0.518658,0.37352,0.518994,0.266667,0.5,0.833333,1.130667,-2.9,2.633333,,,"Post-hoc linear interpolation between previous and next shows. This uses future data, so it is an optimistic smooth-trajectory residual proxy rather than a deployable model."
centered_interpolation_oracle,Open Class,VA,all,1787,0.013158,0.580162,0.409313,0.580149,0.3,0.55,0.928333,1.215556,-3.266667,2.542857,,,"Post-hoc linear interpolation between previous and next shows. This uses future data, so it is an optimistic smooth-trajectory residual proxy rather than a deployable model."
centered_interpolation_oracle,Open Class,VA,surrounding_gap<=14d,1614,0.022709,0.560274,0.399813,0.56056,0.3,0.537018,0.869259,1.141875,-3.266667,2.525,,,"Post-hoc linear interpolation between previous and next shows. This uses future data, so it is an optimistic smooth-trajectory residual proxy rather than a deployable model."
centered_interpolation_oracle,Open Class,VA,surrounding_gap<=21d,1741,0.012244,0.580227,0.409065,0.580189,0.3,0.55,0.9,1.222222,-3.266667,2.542857,,,"Post-hoc linear interpolation between previous and next shows. This uses future data, so it is an optimistic smooth-trajectory residual proxy rather than a deployable model."
centered_interpolation_oracle,Open Class,VA,surrounding_gap<=7d,1405,0.038357,0.545202,0.392139,0.546356,0.3,0.533333,0.866667,1.1,-3.266667,2.525,,,"Post-hoc linear interpolation between previous and next shows. This uses future data, so it is an optimistic smooth-trajectory residual proxy rather than a deployable model."
centered_interpolation_oracle,Open Class,CG,all,1787,0.022498,0.584876,0.402385,0.585145,0.266667,0.55,0.939333,1.3,-2.7,3.392214,,,"Post-hoc linear interpolation between previous and next shows. This uses future data, so it is an optimistic smooth-trajectory residual proxy rather than a deployable model."
centered_interpolation_oracle,Open Class,CG,surrounding_gap<=14d,1614,0.039368,0.561224,0.387871,0.56243,0.266667,0.532353,0.9,1.266667,-2.7,3,,,"Post-hoc linear interpolation between previous and next shows. This uses future data, so it is an optimistic smooth-trajectory residual proxy rather than a deployable model."
centered_interpolation_oracle,Open Class,CG,surrounding_gap<=21d,1741,0.028531,0.584512,0.401314,0.58504,0.266667,0.55,0.94,1.3,-2.7,3.392214,,,"Post-hoc linear interpolation between previous and next shows. This uses future data, so it is an optimistic smooth-trajectory residual proxy rather than a deployable model."
centered_interpolation_oracle,Open Class,CG,surrounding_gap<=7d,1405,0.034375,0.534393,0.369976,0.535308,0.25,0.5,0.839048,1.173333,-2.7,3,,,"Post-hoc linear interpolation between previous and next shows. This uses future data, so it is an optimistic smooth-trajectory residual proxy rather than a deployable model."
centered_interpolation_oracle,Open Class,MB,all,1787,0.021321,0.482408,0.358334,0.482744,0.266667,0.519063,0.8,0.984665,-2.088235,2.166667,,,"Post-hoc linear interpolation between previous and next shows. This uses future data, so it is an optimistic smooth-trajectory residual proxy rather than a deployable model."
centered_interpolation_oracle,Open Class,MB,surrounding_gap<=14d,1614,0.02463,0.472609,0.351568,0.473104,0.266667,0.5,0.8,0.95,-1.945399,2.166667,,,"Post-hoc linear interpolation between previous and next shows. This uses future data, so it is an optimistic smooth-trajectory residual proxy rather than a deployable model."
centered_interpolation_oracle,Open Class,MB,surrounding_gap<=21d,1741,0.018905,0.478521,0.356808,0.478757,0.266667,0.515789,0.8,0.966667,-2.088235,2.166667,,,"Post-hoc linear interpolation between previous and next shows. This uses future data, so it is an optimistic smooth-trajectory residual proxy rather than a deployable model."
centered_interpolation_oracle,Open Class,MB,surrounding_gap<=7d,1405,0.033006,0.460163,0.342163,0.461182,0.26,0.5,0.766667,0.949412,-1.733333,2.166667,,,"Post-hoc linear interpolation between previous and next shows. This uses future data, so it is an optimistic smooth-trajectory residual proxy rather than a deployable model."
centered_interpolation_oracle,Open Class,MA,all,1787,0.009254,0.544073,0.400733,0.543999,0.3,0.566667,0.9,1.121111,-3.15,2.152381,,,"Post-hoc linear interpolation between previous and next shows. This uses future data, so it is an optimistic smooth-trajectory residual proxy rather than a deployable model."
centered_interpolation_oracle,Open Class,MA,surrounding_gap<=14d,1614,0.022073,0.527214,0.387434,0.527512,0.3,0.55,0.866667,1.093659,-3.15,2.033333,,,"Post-hoc linear interpolation between previous and next shows. This uses future data, so it is an optimistic smooth-trajectory residual proxy rather than a deployable model."
centered_interpolation_oracle,Open Class,MA,surrounding_gap<=21d,1741,0.01587,0.539993,0.39811,0.540071,0.3,0.5625,0.9,1.116667,-3.15,2.152381,,,"Post-hoc linear interpolation between previous and next shows. This uses future data, so it is an optimistic smooth-trajectory residual proxy rather than a deployable model."
centered_interpolation_oracle,Open Class,MA,surrounding_gap<=7d,1405,0.024998,0.512635,0.375878,0.513062,0.283333,0.52963,0.85,1.082946,-3.15,2.033333,,,"Post-hoc linear interpolation between previous and next shows. This uses future data, so it is an optimistic smooth-trajectory residual proxy rather than a deployable model."
centered_interpolation_oracle,Open Class,MP,all,1787,0.026241,0.571945,0.412858,0.572387,0.3,0.575,0.90839,1.2,-2.45,2.595238,,,"Post-hoc linear interpolation between previous and next shows. This uses future data, so it is an optimistic smooth-trajectory residual proxy rather than a deployable model."
centered_interpolation_oracle,Open Class,MP,surrounding_gap<=14d,1614,0.030565,0.560929,0.406332,0.561588,0.3,0.566667,0.9,1.181357,-2.45,2.315385,,,"Post-hoc linear interpolation between previous and next shows. This uses future data, so it is an optimistic smooth-trajectory residual proxy rather than a deployable model."
centered_interpolation_oracle,Open Class,MP,surrounding_gap<=21d,1741,0.024756,0.571697,0.410947,0.572069,0.3,0.572222,0.907317,1.2,-2.45,2.595238,,,"Post-hoc linear interpolation between previous and next shows. This uses future data, so it is an optimistic smooth-trajectory residual proxy rather than a deployable model."
centered_interpolation_oracle,Open Class,MP,surrounding_gap<=7d,1405,0.02229,0.537627,0.388344,0.537898,0.283333,0.533333,0.85,1.115556,-2.45,2.301538,,,"Post-hoc linear interpolation between previous and next shows. This uses future data, so it is an optimistic smooth-trajectory residual proxy rather than a deployable model."
centered_interpolation_oracle,Open Class,TOTAL,all,1787,0.085328,1.268975,0.923982,1.271487,0.7,1.259524,1.905455,2.396429,-6.685294,7.035366,,,"Post-hoc linear interpolation between previous and next shows. This uses future data, so it is an optimistic smooth-trajectory residual proxy rather than a deployable model."
centered_interpolation_oracle,Open Class,TOTAL,surrounding_gap<=14d,1614,0.12937,1.247438,0.909482,1.253744,0.685714,1.24256,1.855,2.368333,-4.622222,7.035366,,,"Post-hoc linear interpolation between previous and next shows. This uses future data, so it is an optimistic smooth-trajectory residual proxy rather than a deployable model."
centered_interpolation_oracle,Open Class,TOTAL,surrounding_gap<=21d,1741,0.094224,1.275243,0.927719,1.278354,0.7,1.2675,1.913636,2.4,-6.685294,7.035366,,,"Post-hoc linear interpolation between previous and next shows. This uses future data, so it is an optimistic smooth-trajectory residual proxy rather than a deployable model."
centered_interpolation_oracle,Open Class,TOTAL,surrounding_gap<=7d,1405,0.155192,1.226865,0.883405,1.236208,0.666667,1.208333,1.83,2.309667,-4.622222,7.035366,,,"Post-hoc linear interpolation between previous and next shows. This uses future data, so it is an optimistic smooth-trajectory residual proxy rather than a deployable model."
centered_interpolation_oracle,World Class,GE1,all,4608,0.005873,0.336294,0.247993,0.336309,0.183333,0.35,0.55,0.7,-1.65,2.014286,,,"Post-hoc linear interpolation between previous and next shows. This uses future data, so it is an optimistic smooth-trajectory residual proxy rather than a deployable model."
centered_interpolation_oracle,World Class,GE1,surrounding_gap<=14d,4566,0.005644,0.334196,0.246667,0.334207,0.183333,0.35,0.55,0.7,-1.65,2.014286,,,"Post-hoc linear interpolation between previous and next shows. This uses future data, so it is an optimistic smooth-trajectory residual proxy rather than a deployable model."
centered_interpolation_oracle,World Class,GE1,surrounding_gap<=21d,4606,0.005896,0.336363,0.248075,0.336378,0.183333,0.35,0.55,0.7,-1.65,2.014286,,,"Post-hoc linear interpolation between previous and next shows. This uses future data, so it is an optimistic smooth-trajectory residual proxy rather than a deployable model."
centered_interpolation_oracle,World Class,GE1,surrounding_gap<=7d,4353,0.005733,0.330431,0.244331,0.330443,0.18,0.35,0.54,0.7,-1.65,2.014286,,,"Post-hoc linear interpolation between previous and next shows. This uses future data, so it is an optimistic smooth-trajectory residual proxy rather than a deployable model."
centered_interpolation_oracle,World Class,GE2,all,4608,0.002462,0.352557,0.262196,0.352527,0.2,0.366667,0.56875,0.7375,-2.481818,1.85,,,"Post-hoc linear interpolation between previous and next shows. This uses future data, so it is an optimistic smooth-trajectory residual proxy rather than a deployable model."
centered_interpolation_oracle,World Class,GE2,surrounding_gap<=14d,4566,0.00204,0.352431,0.262075,0.352398,0.2,0.366667,0.567708,0.736458,-2.481818,1.85,,,"Post-hoc linear interpolation between previous and next shows. This uses future data, so it is an optimistic smooth-trajectory residual proxy rather than a deployable model."
centered_interpolation_oracle,World Class,GE2,surrounding_gap<=21d,4606,0.002313,0.352535,0.26216,0.352504,0.2,0.366667,0.56875,0.7375,-2.481818,1.85,,,"Post-hoc linear interpolation between previous and next shows. This uses future data, so it is an optimistic smooth-trajectory residual proxy rather than a deployable model."
centered_interpolation_oracle,World Class,GE2,surrounding_gap<=7d,4353,0.003121,0.348092,0.259849,0.348066,0.2,0.365613,0.566667,0.730476,-1.566667,1.85,,,"Post-hoc linear interpolation between previous and next shows. This uses future data, so it is an optimistic smooth-trajectory residual proxy rather than a deployable model."
centered_interpolation_oracle,World Class,VP,all,4608,0.007617,0.367787,0.270246,0.367826,0.2,0.369194,0.6,0.78,-2.180952,1.725,,,"Post-hoc linear interpolation between previous and next shows. This uses future data, so it is an optimistic smooth-trajectory residual proxy rather than a deployable model."
centered_interpolation_oracle,World Class,VP,surrounding_gap<=14d,4566,0.005832,0.365952,0.268977,0.365958,0.2,0.366667,0.6,0.776786,-2.180952,1.725,,,"Post-hoc linear interpolation between previous and next shows. This uses future data, so it is an optimistic smooth-trajectory residual proxy rather than a deployable model."
centered_interpolation_oracle,World Class,VP,surrounding_gap<=21d,4606,0.007367,0.367329,0.270033,0.367363,0.2,0.368229,0.6,0.78,-2.180952,1.725,,,"Post-hoc linear interpolation between previous and next shows. This uses future data, so it is an optimistic smooth-trajectory residual proxy rather than a deployable model."
centered_interpolation_oracle,World Class,VP,surrounding_gap<=7d,4353,0.006897,0.362271,0.266654,0.362295,0.2,0.366667,0.6,0.77,-1.733333,1.65,,,"Post-hoc linear interpolation between previous and next shows. This uses future data, so it is an optimistic smooth-trajectory residual proxy rather than a deployable model."
centered_interpolation_oracle,World Class,VA,all,4608,0.007532,0.368535,0.269311,0.368572,0.2,0.366667,0.575,0.74,-2.485714,1.68,,,"Post-hoc linear interpolation between previous and next shows. This uses future data, so it is an optimistic smooth-trajectory residual proxy rather than a deployable model."
centered_interpolation_oracle,World Class,VA,surrounding_gap<=14d,4566,0.007323,0.368592,0.269421,0.368624,0.2,0.366667,0.575,0.739375,-2.485714,1.68,,,"Post-hoc linear interpolation between previous and next shows. This uses future data, so it is an optimistic smooth-trajectory residual proxy rather than a deployable model."
centered_interpolation_oracle,World Class,VA,surrounding_gap<=21d,4606,0.007496,0.368558,0.269298,0.368594,0.2,0.366667,0.575,0.74,-2.485714,1.68,,,"Post-hoc linear interpolation between previous and next shows. This uses future data, so it is an optimistic smooth-trajectory residual proxy rather than a deployable model."
centered_interpolation_oracle,World Class,VA,surrounding_gap<=7d,4353,0.007847,0.365669,0.267225,0.365711,0.2,0.366667,0.571429,0.733333,-2.485714,1.68,,,"Post-hoc linear interpolation between previous and next shows. This uses future data, so it is an optimistic smooth-trajectory residual proxy rather than a deployable model."
centered_interpolation_oracle,World Class,CG,all,4608,0.005159,0.360588,0.263385,0.360586,0.2,0.36,0.566667,0.733042,-1.966667,2.249711,,,"Post-hoc linear interpolation between previous and next shows. This uses future data, so it is an optimistic smooth-trajectory residual proxy rather than a deployable model."
centered_interpolation_oracle,World Class,CG,surrounding_gap<=14d,4566,0.003222,0.358672,0.261835,0.358647,0.2,0.35,0.563333,0.725,-1.966667,2.249711,,,"Post-hoc linear interpolation between previous and next shows. This uses future data, so it is an optimistic smooth-trajectory residual proxy rather than a deployable model."
centered_interpolation_oracle,World Class,CG,surrounding_gap<=21d,4606,0.004981,0.360564,0.263319,0.36056,0.2,0.359583,0.566667,0.733125,-1.966667,2.249711,,,"Post-hoc linear interpolation between previous and next shows. This uses future data, so it is an optimistic smooth-trajectory residual proxy rather than a deployable model."
centered_interpolation_oracle,World Class,CG,surrounding_gap<=7d,4353,0.001438,0.352263,0.258463,0.352225,0.2,0.35,0.56,0.716667,-1.966667,2.15,,,"Post-hoc linear interpolation between previous and next shows. This uses future data, so it is an optimistic smooth-trajectory residual proxy rather than a deployable model."
centered_interpolation_oracle,World Class,MB,all,4608,0.008762,0.336631,0.247475,0.336708,0.1875,0.35,0.54,0.7,-1.6,2.815029,,,"Post-hoc linear interpolation between previous and next shows. This uses future data, so it is an optimistic smooth-trajectory residual proxy rather than a deployable model."
centered_interpolation_oracle,World Class,MB,surrounding_gap<=14d,4566,0.007548,0.334102,0.246487,0.334151,0.192556,0.35,0.533333,0.7,-1.6,2.815029,,,"Post-hoc linear interpolation between previous and next shows. This uses future data, so it is an optimistic smooth-trajectory residual proxy rather than a deployable model."
centered_interpolation_oracle,World Class,MB,surrounding_gap<=21d,4606,0.008814,0.336691,0.247534,0.33677,0.188194,0.35,0.54,0.7,-1.6,2.815029,,,"Post-hoc linear interpolation between previous and next shows. This uses future data, so it is an optimistic smooth-trajectory residual proxy rather than a deployable model."
centered_interpolation_oracle,World Class,MB,surrounding_gap<=7d,4353,0.006616,0.329569,0.244056,0.329598,0.185714,0.35,0.533333,0.679547,-1.6,1.8,,,"Post-hoc linear interpolation between previous and next shows. This uses future data, so it is an optimistic smooth-trajectory residual proxy rather than a deployable model."
centered_interpolation_oracle,World Class,MA,all,4608,0.006616,0.377239,0.27586,0.377256,0.2,0.384866,0.6,0.766667,-2.925,1.925,,,"Post-hoc linear interpolation between previous and next shows. This uses future data, so it is an optimistic smooth-trajectory residual proxy rather than a deployable model."
centered_interpolation_oracle,World Class,MA,surrounding_gap<=14d,4566,0.006173,0.375972,0.274875,0.375981,0.2,0.383333,0.6,0.766667,-2.925,1.925,,,"Post-hoc linear interpolation between previous and next shows. This uses future data, so it is an optimistic smooth-trajectory residual proxy rather than a deployable model."
centered_interpolation_oracle,World Class,MA,surrounding_gap<=21d,4606,0.006597,0.377156,0.275748,0.377173,0.2,0.383333,0.6,0.766667,-2.925,1.925,,,"Post-hoc linear interpolation between previous and next shows. This uses future data, so it is an optimistic smooth-trajectory residual proxy rather than a deployable model."
centered_interpolation_oracle,World Class,MA,surrounding_gap<=7d,4353,0.001199,0.365246,0.268659,0.365206,0.2,0.375,0.6,0.75,-1.7625,1.9,,,"Post-hoc linear interpolation between previous and next shows. This uses future data, so it is an optimistic smooth-trajectory residual proxy rather than a deployable model."
centered_interpolation_oracle,World Class,MP,all,4608,0.009196,0.448819,0.324036,0.448864,0.25,0.45,0.7,0.9,-3.3,2.866667,,,"Post-hoc linear interpolation between previous and next shows. This uses future data, so it is an optimistic smooth-trajectory residual proxy rather than a deployable model."
centered_interpolation_oracle,World Class,MP,surrounding_gap<=14d,4566,0.006578,0.445502,0.322427,0.445502,0.25,0.45,0.7,0.9,-3.3,2.866667,,,"Post-hoc linear interpolation between previous and next shows. This uses future data, so it is an optimistic smooth-trajectory residual proxy rather than a deployable model."
centered_interpolation_oracle,World Class,MP,surrounding_gap<=21d,4606,0.008917,0.447995,0.323647,0.448036,0.25,0.45,0.7,0.9,-3.3,2.866667,,,"Post-hoc linear interpolation between previous and next shows. This uses future data, so it is an optimistic smooth-trajectory residual proxy rather than a deployable model."
centered_interpolation_oracle,World Class,MP,surrounding_gap<=7d,4353,0.009018,0.437566,0.317953,0.437609,0.24,0.44,0.6875,0.9,-3.3,2.866667,,,"Post-hoc linear interpolation between previous and next shows. This uses future data, so it is an optimistic smooth-trajectory residual proxy rather than a deployable model."
centered_interpolation_oracle,World Class,TOTAL,all,4608,0.030776,0.768025,0.587126,0.768558,0.46,0.831079,1.25,1.55,-3.583333,3.592503,,,"Post-hoc linear interpolation between previous and next shows. This uses future data, so it is an optimistic smooth-trajectory residual proxy rather than a deployable model."
centered_interpolation_oracle,World Class,TOTAL,surrounding_gap<=14d,4566,0.026022,0.761065,0.584304,0.761426,0.459365,0.825,1.25,1.543472,-3.583333,3.45,,,"Post-hoc linear interpolation between previous and next shows. This uses future data, so it is an optimistic smooth-trajectory residual proxy rather than a deployable model."
centered_interpolation_oracle,World Class,TOTAL,surrounding_gap<=21d,4606,0.030295,0.76704,0.586649,0.767555,0.45974,0.830073,1.25,1.55,-3.583333,3.592503,,,"Post-hoc linear interpolation between previous and next shows. This uses future data, so it is an optimistic smooth-trajectory residual proxy rather than a deployable model."
centered_interpolation_oracle,World Class,TOTAL,surrounding_gap<=7d,4353,0.025362,0.749342,0.576175,0.749685,0.45625,0.816667,1.225,1.52,-3.583333,3.45,,,"Post-hoc linear interpolation between previous and next shows. This uses future data, so it is an optimistic smooth-trajectory residual proxy rather than a deployable model."
championship_week_repeatability,Open Class,GE1,top12_prelims_semis_finals,147,0,0.650807,0.394785,0.64859,0.25,0.425,1.04,1.283333,-1.683333,2.816667,,,"Residual around each finalist corps' own prelims/semis/finals mean. Useful near-repeatability proxy, but still includes real championship-week changes and panel effects."
championship_week_repeatability,Open Class,GE2,top12_prelims_semis_finals,147,0,0.535855,0.355215,0.534029,0.25,0.416667,0.796667,1.075,-1.2,2.2,,,"Residual around each finalist corps' own prelims/semis/finals mean. Useful near-repeatability proxy, but still includes real championship-week changes and panel effects."
championship_week_repeatability,Open Class,VP,top12_prelims_semis_finals,147,0,0.589743,0.35805,0.587734,0.216667,0.425,0.713333,1.216667,-1.566667,2.633333,,,"Residual around each finalist corps' own prelims/semis/finals mean. Useful near-repeatability proxy, but still includes real championship-week changes and panel effects."
championship_week_repeatability,Open Class,VA,top12_prelims_semis_finals,147,0,0.629316,0.365533,0.627172,0.233333,0.383333,0.746667,1.266667,-1.766667,3.066667,,,"Residual around each finalist corps' own prelims/semis/finals mean. Useful near-repeatability proxy, but still includes real championship-week changes and panel effects."
championship_week_repeatability,Open Class,CG,top12_prelims_semis_finals,147,0,0.621834,0.406122,0.619716,0.266667,0.533333,0.79,1.353333,-1.533333,2.633333,,,"Residual around each finalist corps' own prelims/semis/finals mean. Useful near-repeatability proxy, but still includes real championship-week changes and panel effects."
championship_week_repeatability,Open Class,MB,top12_prelims_semis_finals,147,0,0.551917,0.384354,0.550036,0.283333,0.5,0.88,1.08,-1.3,2.2,,,"Residual around each finalist corps' own prelims/semis/finals mean. Useful near-repeatability proxy, but still includes real championship-week changes and panel effects."
championship_week_repeatability,Open Class,MA,top12_prelims_semis_finals,147,0,0.559275,0.358617,0.557369,0.266667,0.4,0.62,1.106667,-1.833333,2.466667,,,"Residual around each finalist corps' own prelims/semis/finals mean. Useful near-repeatability proxy, but still includes real championship-week changes and panel effects."
championship_week_repeatability,Open Class,MP,top12_prelims_semis_finals,147,0,0.547577,0.346599,0.545711,0.2,0.454167,0.74,1.123333,-1.5,2.6,,,"Residual around each finalist corps' own prelims/semis/finals mean. Useful near-repeatability proxy, but still includes real championship-week changes and panel effects."
championship_week_repeatability,Open Class,TOTAL,top12_prelims_semis_finals,147,0,2.650975,1.508698,2.641942,0.799667,1.541667,2.8044,5.901667,-6.666667,12.133333,,,"Residual around each finalist corps' own prelims/semis/finals mean. Useful near-repeatability proxy, but still includes real championship-week changes and panel effects."
championship_week_repeatability,World Class,GE1,top12_prelims_semis_finals,375,0,0.13689,0.105911,0.136707,0.083333,0.1375,0.233333,0.269167,-0.45,0.4,,,"Residual around each finalist corps' own prelims/semis/finals mean. Useful near-repeatability proxy, but still includes real championship-week changes and panel effects."
championship_week_repeatability,World Class,GE2,top12_prelims_semis_finals,375,0,0.13887,0.107467,0.138684,0.083333,0.15,0.233333,0.291667,-0.375,0.433333,,,"Residual around each finalist corps' own prelims/semis/finals mean. Useful near-repeatability proxy, but still includes real championship-week changes and panel effects."
championship_week_repeatability,World Class,VP,top12_prelims_semis_finals,375,0,0.169407,0.131733,0.169181,0.1,0.183333,0.266667,0.333333,-0.6,0.4,,,"Residual around each finalist corps' own prelims/semis/finals mean. Useful near-repeatability proxy, but still includes real championship-week changes and panel effects."
championship_week_repeatability,World Class,VA,top12_prelims_semis_finals,375,0,0.175124,0.136889,0.17489,0.1,0.2,0.266667,0.333333,-0.516667,0.6,,,"Residual around each finalist corps' own prelims/semis/finals mean. Useful near-repeatability proxy, but still includes real championship-week changes and panel effects."
championship_week_repeatability,World Class,CG,top12_prelims_semis_finals,375,0,0.225581,0.171556,0.22528,0.133333,0.233333,0.383333,0.433333,-0.733333,1.1,,,"Residual around each finalist corps' own prelims/semis/finals mean. Useful near-repeatability proxy, but still includes real championship-week changes and panel effects."
championship_week_repeatability,World Class,MB,top12_prelims_semis_finals,375,0,0.175949,0.138489,0.175714,0.1,0.2,0.3,0.333333,-0.5,0.483333,,,"Residual around each finalist corps' own prelims/semis/finals mean. Useful near-repeatability proxy, but still includes real championship-week changes and panel effects."
championship_week_repeatability,World Class,MA,top12_prelims_semis_finals,375,0,0.141339,0.109733,0.14115,0.1,0.15,0.233333,0.271667,-0.433333,0.5,,,"Residual around each finalist corps' own prelims/semis/finals mean. Useful near-repeatability proxy, but still includes real championship-week changes and panel effects."
championship_week_repeatability,World Class,MP,top12_prelims_semis_finals,375,0,0.193082,0.149778,0.192824,0.116667,0.204167,0.33,0.383333,-0.616667,0.766667,,,"Residual around each finalist corps' own prelims/semis/finals mean. Useful near-repeatability proxy, but still includes real championship-week changes and panel effects."
championship_week_repeatability,World Class,TOTAL,top12_prelims_semis_finals,375,0,0.403556,0.330197,0.403018,0.3,0.464667,0.660733,0.745467,-1.096,0.966667,,,"Residual around each finalist corps' own prelims/semis/finals mean. Useful near-repeatability proxy, but still includes real championship-week changes and panel effects."
rank_progress_cell_residual,Open Class,GE1,cell_n>=5,2134,0,1.246152,0.920511,1.24586,0.646898,1.266071,2.159121,2.696528,-5.345161,4.710714,,,Residual within division + rank bucket + 5 percent-through bucket cells. This measures scatter left after a coarse reference curve and includes within-cell corps/event differences.
rank_progress_cell_residual,Open Class,GE2,cell_n>=5,2134,0,1.228976,0.907729,1.228688,0.638549,1.267667,2.098068,2.567006,-4.777419,5.269565,,,Residual within division + rank bucket + 5 percent-through bucket cells. This measures scatter left after a coarse reference curve and includes within-cell corps/event differences.
rank_progress_cell_residual,Open Class,VP,cell_n>=5,2134,0,1.224304,0.900482,1.224017,0.641935,1.276136,2.085718,2.682,-5.290323,5.022222,,,Residual within division + rank bucket + 5 percent-through bucket cells. This measures scatter left after a coarse reference curve and includes within-cell corps/event differences.
rank_progress_cell_residual,Open Class,VA,cell_n>=5,2134,0,1.287098,0.952734,1.286797,0.663393,1.354545,2.259857,2.70435,-5.388235,4.173913,,,Residual within division + rank bucket + 5 percent-through bucket cells. This measures scatter left after a coarse reference curve and includes within-cell corps/event differences.
rank_progress_cell_residual,Open Class,CG,cell_n>=5,2134,0,1.357313,1.002487,1.356995,0.75,1.391727,2.268916,2.688182,-8.554667,5.010714,,,Residual within division + rank bucket + 5 percent-through bucket cells. This measures scatter left after a coarse reference curve and includes within-cell corps/event differences.
rank_progress_cell_residual,Open Class,MB,cell_n>=5,2134,0,1.183614,0.873908,1.183337,0.631909,1.223848,2.055375,2.488093,-5.607692,4.63913,,,Residual within division + rank bucket + 5 percent-through bucket cells. This measures scatter left after a coarse reference curve and includes within-cell corps/event differences.
rank_progress_cell_residual,Open Class,MA,cell_n>=5,2134,0,1.227868,0.911688,1.227581,0.645644,1.32885,2.087178,2.601591,-5.230303,4.605263,,,Residual within division + rank bucket + 5 percent-through bucket cells. This measures scatter left after a coarse reference curve and includes within-cell corps/event differences.
rank_progress_cell_residual,Open Class,MP,cell_n>=5,2134,0,1.267052,0.954867,1.266755,0.705051,1.399194,2.159143,2.610937,-4.101471,5.395652,,,Residual within division + rank bucket + 5 percent-through bucket cells. This measures scatter left after a coarse reference curve and includes within-cell corps/event differences.
rank_progress_cell_residual,Open Class,TOTAL,cell_n>=5,2134,0,5.728779,4.160293,5.727437,2.847455,5.829886,10.078437,12.489887,-22.937097,23.493478,,,Residual within division + rank bucket + 5 percent-through bucket cells. This measures scatter left after a coarse reference curve and includes within-cell corps/event differences.
rank_progress_cell_residual,World Class,GE1,cell_n>=5,4932,0,0.967793,0.740947,0.967695,0.598074,1.072093,1.589579,1.958939,-4.578261,3.09,,,Residual within division + rank bucket + 5 percent-through bucket cells. This measures scatter left after a coarse reference curve and includes within-cell corps/event differences.
rank_progress_cell_residual,World Class,GE2,cell_n>=5,4932,0,0.981129,0.749459,0.98103,0.592821,1.088571,1.624232,1.9263,-4.615909,3.244,,,Residual within division + rank bucket + 5 percent-through bucket cells. This measures scatter left after a coarse reference curve and includes within-cell corps/event differences.
rank_progress_cell_residual,World Class,VP,cell_n>=5,4932,0,0.972609,0.749513,0.972511,0.6,1.085185,1.611097,1.923599,-4.37381,3.506667,,,Residual within division + rank bucket + 5 percent-through bucket cells. This measures scatter left after a coarse reference curve and includes within-cell corps/event differences.
rank_progress_cell_residual,World Class,VA,cell_n>=5,4932,0,0.999138,0.775866,0.999036,0.627803,1.125614,1.633214,2.003372,-4.346341,2.963636,,,Residual within division + rank bucket + 5 percent-through bucket cells. This measures scatter left after a coarse reference curve and includes within-cell corps/event differences.
rank_progress_cell_residual,World Class,CG,cell_n>=5,4932,0,1.053573,0.817789,1.053466,0.644186,1.176296,1.7518,2.118219,-4.292308,3.403333,,,Residual within division + rank bucket + 5 percent-through bucket cells. This measures scatter left after a coarse reference curve and includes within-cell corps/event differences.
rank_progress_cell_residual,World Class,MB,cell_n>=5,4932,0,0.992445,0.763279,0.992344,0.614286,1.087092,1.62,2.013861,-4.392683,3.056,,,Residual within division + rank bucket + 5 percent-through bucket cells. This measures scatter left after a coarse reference curve and includes within-cell corps/event differences.
rank_progress_cell_residual,World Class,MA,cell_n>=5,4932,0,1.006877,0.766253,1.006775,0.606849,1.098837,1.663124,2.039326,-4.885,3.251974,,,Residual within division + rank bucket + 5 percent-through bucket cells. This measures scatter left after a coarse reference curve and includes within-cell corps/event differences.
rank_progress_cell_residual,World Class,MP,cell_n>=5,4932,0,1.072934,0.82013,1.072826,0.642218,1.155858,1.774929,2.189744,-5.709091,4.085,,,Residual within division + rank bucket + 5 percent-through bucket cells. This measures scatter left after a coarse reference curve and includes within-cell corps/event differences.
rank_progress_cell_residual,World Class,TOTAL,cell_n>=5,4932,0,4.699057,3.572845,4.69858,2.825036,5.233361,7.9,9.486786,-19.765217,15.554,,,Residual within division + rank bucket + 5 percent-through bucket cells. This measures scatter left after a coarse reference curve and includes within-cell corps/event differences.
score_granularity,Open Class,GE1,all,2235,12.811544,2.225919,0.217897,0.927964,0.996421,,,,5.9,19.5,,,"Granularity diagnostic: mae=quarter_point_pct, rmse=tenth_point_pct, medianAbs=hundredth_point_pct, unique_scores=191."
score_granularity,Open Class,GE2,all,2235,12.858311,2.203152,0.202237,0.926622,0.989709,,,,6.4,19,,,"Granularity diagnostic: mae=quarter_point_pct, rmse=tenth_point_pct, medianAbs=hundredth_point_pct, unique_scores=202."
score_granularity,Open Class,VP,all,2235,12.813043,2.247763,0.213423,0.995078,1,,,,6.4,19.8,,,"Granularity diagnostic: mae=quarter_point_pct, rmse=tenth_point_pct, medianAbs=hundredth_point_pct, unique_scores=134."
score_granularity,Open Class,VA,all,2235,12.788523,2.271506,0.232662,0.995078,1,,,,6.1,19.5,,,"Granularity diagnostic: mae=quarter_point_pct, rmse=tenth_point_pct, medianAbs=hundredth_point_pct, unique_scores=135."
score_granularity,Open Class,CG,all,2235,12.71681,2.353541,0.220134,0.993736,1,,,,0.02,19.2,,,"Granularity diagnostic: mae=quarter_point_pct, rmse=tenth_point_pct, medianAbs=hundredth_point_pct, unique_scores=141."
score_granularity,Open Class,MB,all,2235,12.801946,2.211107,0.20179,0.992394,1,,,,5.5,19.2,,,"Granularity diagnostic: mae=quarter_point_pct, rmse=tenth_point_pct, medianAbs=hundredth_point_pct, unique_scores=134."
score_granularity,Open Class,MA,all,2235,12.835213,2.184186,0.200895,0.940045,0.988367,,,,6.5,19.3,,,"Granularity diagnostic: mae=quarter_point_pct, rmse=tenth_point_pct, medianAbs=hundredth_point_pct, unique_scores=183."
score_granularity,Open Class,MP,all,2235,12.870951,2.169402,0.205817,0.918568,0.988814,,,,6,19.1,,,"Granularity diagnostic: mae=quarter_point_pct, rmse=tenth_point_pct, medianAbs=hundredth_point_pct, unique_scores=206."
score_granularity,Open Class,TOTAL,all,2235,64.083109,10.834406,0.180761,0.424609,0.863982,,,,33.5,96.15,,,"Granularity diagnostic: mae=quarter_point_pct, rmse=tenth_point_pct, medianAbs=hundredth_point_pct, unique_scores=1029."
score_granularity,World Class,GE1,all,5086,15.907698,1.912722,0.199174,0.859025,0.97444,,,,9.3,20,,,"Granularity diagnostic: mae=quarter_point_pct, rmse=tenth_point_pct, medianAbs=hundredth_point_pct, unique_scores=248."
score_granularity,World Class,GE2,all,5086,15.930427,1.916633,0.193472,0.840739,0.953991,,,,9.3,20,,,"Granularity diagnostic: mae=quarter_point_pct, rmse=tenth_point_pct, medianAbs=hundredth_point_pct, unique_scores=265."
score_granularity,World Class,VP,all,5086,15.877163,1.918337,0.218836,0.976996,1,,,,9,20,,,"Granularity diagnostic: mae=quarter_point_pct, rmse=tenth_point_pct, medianAbs=hundredth_point_pct, unique_scores=151."
score_granularity,World Class,VA,all,5086,15.89711,1.936274,0.209988,0.970114,1,,,,9.4,20,,,"Granularity diagnostic: mae=quarter_point_pct, rmse=tenth_point_pct, medianAbs=hundredth_point_pct, unique_scores=155."
score_granularity,World Class,CG,all,5086,15.794229,1.986397,0.208415,0.974243,1,,,,9,20,,,"Granularity diagnostic: mae=quarter_point_pct, rmse=tenth_point_pct, medianAbs=hundredth_point_pct, unique_scores=152."
score_granularity,World Class,MB,all,5086,15.923555,1.903469,0.207039,0.959103,1,,,,9.2,20,,,"Granularity diagnostic: mae=quarter_point_pct, rmse=tenth_point_pct, medianAbs=hundredth_point_pct, unique_scores=154."
score_granularity,World Class,MA,all,5086,15.930476,1.912988,0.194849,0.896972,0.966575,,,,8.6,19.9,,,"Granularity diagnostic: mae=quarter_point_pct, rmse=tenth_point_pct, medianAbs=hundredth_point_pct, unique_scores=247."
score_granularity,World Class,MP,all,5086,15.947016,1.945732,0.206252,0.902674,0.986433,,,,8.1,20,,,"Granularity diagnostic: mae=quarter_point_pct, rmse=tenth_point_pct, medianAbs=hundredth_point_pct, unique_scores=225."
score_granularity,World Class,TOTAL,all,5086,79.52292,9.466483,0.165749,0.412112,0.834251,,,,48.3,99.65,,,"Granularity diagnostic: mae=quarter_point_pct, rmse=tenth_point_pct, medianAbs=hundredth_point_pct, unique_scores=1389."
